ImageID,Label,Notes,CER,GroundTruth,Prediction,ImagePath,Timestamp,Reviewer
PHTI-JB-F-0011-9,Wrong transcription,,1.054054054054054,هغه علم چې د پخوانيو رواجونو، تصوراتو,ووايا تو، عقيدو، موحظماتو او مسلازاتو جوتونه کوي فوک,../data/phti_valid_prepared/train/PHTI-JB-F-0011-9.png,2025-12-25T15:12:52,Sana
PHTI-DM-F-0004-3,Orientation error,,1.0,نسب زما سره يو دے چې تۀ  د هغوي غندنه  کوې،نو,پ,../data/phti_valid_prepared/train/PHTI-DM-F-0004-3.png,2025-12-25T15:12:58,Sana
PHTI-AW-F-0188-4,Orientation error,,1.0,ارمان,دي,../data/phti_valid_prepared/train/PHTI-AW-F-0188-4.png,2025-12-25T15:13:10,Sana
PHTI-SP-M-0092-16,Wrong transcription,,1.0,ستا مستې مستې ترانې ليکم,د سيند، پنجاب، بلوچستانه زار شم,../data/phti_valid_prepared/train/PHTI-SP-M-0092-16.png,2025-12-25T15:13:17,Sana
PHTI-HN-M-0003-1,Wrong transcription,,0.9629629629629628,بندوبست د كائنات شي په خبرو,د,../data/phti_valid_prepared/train/PHTI-HN-M-0003-1.png,2025-12-25T15:13:34,Sana
PHTI-DM-F-0007-1,Orientation error,,0.95,نعت ابو طالب وئيلے دے.د خوږ نبی په تعريف,د د,../data/phti_valid_prepared/train/PHTI-DM-F-0007-1.png,2025-12-25T15:13:59,Sana
PHTI-DM-F-0004-1,Orientation error,,0.8913043478260869,عرض وکړو.اے د الله رسوله دا زما کار دے.تاسو به,د   د,../data/phti_valid_prepared/train/PHTI-DM-F-0004-1.png,2025-12-25T15:14:05,Sana
PHTI-AF-F-0033-16,Wrong transcription,,0.8904109589041096,لکه ما چی وژنی . ميړه یی ور ته وويل تا چه هر څوک ووينی وايی چهوژلی می وای,وژلی مې وي:,../data/phti_valid_prepared/train/PHTI-AF-F-0033-16.png,2025-12-25T15:14:13,Sana
PHTI-DM-F-0001-12,Orientation error,,0.8666666666666667,د موندلو درکونه,د ي,../data/phti_valid_prepared/train/PHTI-DM-F-0001-12.png,2025-12-25T15:14:21,Sana
PHTI-DM-F-0002-1,Orientation error,,0.8636363636363636,﻿او اهميت به ئې شعرونه وئيل.د خپلو جذباتو او,د   دې ده,../data/phti_valid_prepared/train/PHTI-DM-F-0002-1.png,2025-12-25T15:14:26,Sana
PHTI-DM-F-0004-4,Orientation error,,0.8636363636363636,"ووم.چې سرورِ کونېن اوفرمائيل ""کوم خلق چې زما",د      ل,../data/phti_valid_prepared/train/PHTI-DM-F-0004-4.png,2025-12-25T15:14:31,Sana
PHTI-KT-M-0476-11,Wrong transcription,,0.8615384615384616,پسنده شاعرانو د فکري او فني تجربو په سبب پکښې نور هم وسعت راغلو .,سنډه داخې ده,../data/phti_valid_prepared/train/PHTI-KT-M-0476-11.png,2025-12-25T15:14:41,Sana
PHTI-DM-F-0005-3,Orientation error,,0.851063829787234,فرش تشريف فرما شو.او د هغوي شعرونه به ئې اورېدل,د ه   د  ک,../data/phti_valid_prepared/train/PHTI-DM-F-0005-3.png,2025-12-25T15:14:51,Sana
PHTI-AW-F-0181-10,Orientation error,,0.85,په مر مرينو لېچو شنۀ او سرۀ بنګړي مات شو,د  ه که   ه,../data/phti_valid_prepared/train/PHTI-AW-F-0181-10.png,2025-12-25T15:14:56,Sana
PHTI-DM-F-0001-6,Orientation error,,0.85,چې د روحاني تطهير يوه جدا او ځانګړې لاره,د   ک  د,../data/phti_valid_prepared/train/PHTI-DM-F-0001-6.png,2025-12-25T15:15:03,Sana
PHTI-DM-F-0007-2,Orientation error,,0.8478260869565217,خوږ نبی د ورقه بنِ نوفل ملاقات له لاړو.نو ورقه,د     ده,../data/phti_valid_prepared/train/PHTI-DM-F-0007-2.png,2025-12-25T15:15:10,Sana
PHTI-DM-F-0003-2,Orientation error,,0.8421052631578947,دوي کليزه مشاعرې او مقابلې خامخا جوړېد,د  ه ده ا,../data/phti_valid_prepared/train/PHTI-DM-F-0003-2.png,2025-12-25T15:15:13,Sana
PHTI-SI-F-0246-6,Wrong transcription,,0.8333333333333334,ښتونخوا کښې که څوک لر ځي,پختوانخوا کښې که څوکړلر ځي او ته خو ک برځي,../data/phti_valid_prepared/train/PHTI-SI-F-0246-6.png,2025-12-25T15:15:51,Sana
PHTI-DM-F-0001-7,Orientation error,,0.825,عزت مآب اصف محمود صېب په  درنۀ او سپېځلې,د د     ي,../data/phti_valid_prepared/train/PHTI-DM-F-0001-7.png,2025-12-25T15:16:04,Sana
PHTI-AW-F-0176-8,Orientation error,,0.8235294117647058,دا دې شړنګ دے د بنګړو او که جرس دے,د ک    ي,../data/phti_valid_prepared/train/PHTI-AW-F-0176-8.png,2025-12-25T15:16:10,Sana
PHTI-AW-F-0157-4,Orientation error,,0.8222222222222222,نور مې هيڅ هم نۀ دي پکار خو سرۀ جوړه به راوړې,د      د  ي,../data/phti_valid_prepared/train/PHTI-AW-F-0157-4.png,2025-12-25T15:16:13,Sana
PHTI-AW-F-0176-9,Orientation error,,0.8214285714285714,قافله مې د ارمان ساتي بېداره,د    ده  ي,../data/phti_valid_prepared/train/PHTI-AW-F-0176-9.png,2025-12-25T15:16:16,Sana
PHTI-AW-F-0185-10,Wrong transcription,,0.8205128205128205,دۀ په تش لاس د جنګ آغاز وکړو او وئې ګټو,بې صداقته نشو له هره چاره سپوره سپوره,../data/phti_valid_prepared/train/PHTI-AW-F-0185-10.png,2025-12-25T15:16:25,Sana
PHTI-AW-F-0188-7,Orientation error,,0.8181818181818182,په دې غرونو چې باران ښکاري چاپېره,د      ي,../data/phti_valid_prepared/train/PHTI-AW-F-0188-7.png,2025-12-25T15:16:30,Sana
PHTI-AW-F-0173-8,Orientation error,,0.8148148148148148,هډو پروا د نام و ننګ نۀ لرې,ده ک ه  ه ي,../data/phti_valid_prepared/train/PHTI-AW-F-0173-8.png,2025-12-25T15:16:34,Sana
PHTI-AW-F-0184-5,Orientation error,,0.8125,ستا د حُسن اباسين ته چې ور دانګې,د  ې   ي,../data/phti_valid_prepared/train/PHTI-AW-F-0184-5.png,2025-12-25T15:16:37,Sana
PHTI-ST-M-0030-10,Wrong transcription,,0.8076923076923077,عمل اودرولو دپاره دلته هم دَ سرکاري افسرانو په ذريعه,پخوانی مراعات يافته طبعه په اقدار کښې راويستې شوهـ,../data/phti_valid_prepared/train/PHTI-ST-M-0030-10.png,2025-12-25T15:16:52,Sana
PHTI-AW-F-0169-9,Orientation error,,0.8055555555555556,عمر له د خپلو ولولو په مينځ کښې وسوم,ده ک پ  کي,../data/phti_valid_prepared/train/PHTI-AW-F-0169-9.png,2025-12-25T15:16:56,Sana
PHTI-SP-M-0070-12,Wrong transcription,,0.8055555555555556,ته د غازيانو کور ئې،د شهيدانو کور ئې,تۀ زما روح ئې زما تن زما جانان وطنه,../data/phti_valid_prepared/train/PHTI-SP-M-0070-12.png,2025-12-25T15:17:07,Sana
PHTI-DM-F-0005-2,Orientation error,,0.8043478260869565,"وباره کښې د خوږ نبی  ارشاد دے.""اے ايماندارو په",د کې د د ا,../data/phti_valid_prepared/train/PHTI-DM-F-0005-2.png,2025-12-25T15:17:18,Sana
PHTI-AW-F-0196-2,Orientation error,,0.8,په وړو وړو خبرو خوشحاليږي,د   ک ک کې ي,../data/phti_valid_prepared/train/PHTI-AW-F-0196-2.png,2025-12-25T15:18:16,Sana
PHTI-AW-F-0157-5,Orientation error,,0.8,په ما پسې به د سپين ږيرو ننواتې کوې,د د  ک    ي,../data/phti_valid_prepared/train/PHTI-AW-F-0157-5.png,2025-12-25T15:18:20,Sana
PHTI-AW-F-0169-7,Orientation error,,0.8,زۀ په انجام د خپل تنکي تنکي ارمان ويرېږم,د  ه که ه   ي,../data/phti_valid_prepared/train/PHTI-AW-F-0169-7.png,2025-12-25T15:18:27,Sana
PHTI-AW-F-0183-5,Orientation error,,0.8,نۀ پوهېږمه چې ولې په غورځنګ دے,د   ه د  ي,../data/phti_valid_prepared/train/PHTI-AW-F-0183-5.png,2025-12-25T15:18:48,Sana
PHTI-PL-F-0037-8,Segmentation error,,0.8,اسان شوے او تاثيرات ئې زيات شوي دي، په مينه او محبت کښې,چې رعمان بابا کومه پاکي اچولې ده، په پښتو کښې ئې سادے نه,../data/phti_valid_prepared/train/PHTI-PL-F-0037-8.png,2025-12-25T15:18:59,Sana
PHTI-AW-F-0169-1,Orientation error,,0.7948717948717948,اوس په وجود د ټول عظيم پښتونستان ويرېږم,د    ک  ه  ک ي,../data/phti_valid_prepared/train/PHTI-AW-F-0169-1.png,2025-12-25T15:19:10,Sana
PHTI-AW-F-0186-3,Orientation error,,0.7878787878787878,په کربلا کښې بلاکر د ارمانونو شوے,د  ه ه کې   ي,../data/phti_valid_prepared/train/PHTI-AW-F-0186-3.png,2025-12-25T15:19:20,Sana
PHTI-DM-F-0001-4,Orientation error,,0.78125,دوامدارې سلسلې شرف ورته حاصل دے.,د ې ه   ي,../data/phti_valid_prepared/train/PHTI-DM-F-0001-4.png,2025-12-25T15:19:27,Sana
PHTI-AW-F-0188-2,Orientation error,,0.78125,ارمان مې دا دے چې ارمان مې نۀ وے,ده   که   ي,../data/phti_valid_prepared/train/PHTI-AW-F-0188-2.png,2025-12-25T15:19:31,Sana
PHTI-AW-F-0169-5,Orientation error,,0.7804878048780488,بيامې د سترګو په کندي کښې سوکړه ماته شوله,د    ه   ګ ه,../data/phti_valid_prepared/train/PHTI-AW-F-0169-5.png,2025-12-25T15:19:36,Sana
PHTI-AW-F-0184-7,Orientation error,,0.7777777777777778,ګرځم تاله د سر سېورے لټوومه,د  د که ک   کي,../data/phti_valid_prepared/train/PHTI-AW-F-0184-7.png,2025-12-25T15:19:39,Sana
PHTI-AW-F-0181-11,Orientation error,,0.7777777777777778,پنزېب په چغو ژړا اوکړه مېخَکي مات شو,د   ه      ي,../data/phti_valid_prepared/train/PHTI-AW-F-0181-11.png,2025-12-25T15:19:42,Sana
PHTI-AW-F-0186-2,Orientation error,,0.775,اوس د وختونو د سوکړې پکښې څۀ کار پاتې شو,د   ه د   د  ي,../data/phti_valid_prepared/train/PHTI-AW-F-0186-2.png,2025-12-25T15:19:48,Sana
PHTI-DM-F-0001-11,Orientation error,,0.775,حماد بک سنټر مير افضل خان مارکيټ بټ خيله,په ه    که په ه,../data/phti_valid_prepared/train/PHTI-DM-F-0001-11.png,2025-12-25T15:19:53,Sana
PHTI-AW-F-0196-6,Orientation error,,0.7741935483870968,چې دخپلې مينې زور چاته معلوم دے,د  ې  کې   ي,../data/phti_valid_prepared/train/PHTI-AW-F-0196-6.png,2025-12-25T15:19:54,Sana
PHTI-AW-F-0176-2,Orientation error,,0.7741935483870968,محبته! ډېر خواږۀ مې در پېرزو شي,د ک  ک   که ي,../data/phti_valid_prepared/train/PHTI-AW-F-0176-2.png,2025-12-25T15:19:57,Sana
PHTI-AW-F-0184-6,Orientation error,,0.7741935483870968,وطن هم زما د زړۀ په شانې ړنګ دے,د   کې د  کي,../data/phti_valid_prepared/train/PHTI-AW-F-0184-6.png,2025-12-25T15:20:23,Sana
PHTI-RS-M-0002-4,Wrong transcription,,0.7741935483870968,عقل مدام ده ټسولې فلسفه ده پوهې,عشق همېشه ده جوړه کړې ده جنون تماشه,../data/phti_valid_prepared/train/PHTI-RS-M-0002-4.png,2025-12-25T15:20:31,Sana
PHTI-AW-F-0157-3,Orientation error,,0.7692307692307693,لږه نکريزه، څو بنګړي او دنداسه به راوړې,د ده  ه    ه ي,../data/phti_valid_prepared/train/PHTI-AW-F-0157-3.png,2025-12-25T15:20:39,Sana
PHTI-AW-F-0169-3,Orientation error,,0.7692307692307693,رانه ئې ونۀ خوري دردونه په درمان ويرېږم,د که   دې  ک ي,../data/phti_valid_prepared/train/PHTI-AW-F-0169-3.png,2025-12-25T15:20:41,Sana
PHTI-AW-F-0173-7,Orientation error,,0.7666666666666667,هاله به پوﻫ شې د سپرلي په خوږو,د د که ده   ه,../data/phti_valid_prepared/train/PHTI-AW-F-0173-7.png,2025-12-25T15:20:49,Sana
PHTI-AW-F-0196-3,Orientation error,,0.7666666666666667,د دې دور بنيادم څومره مظلوم دے,د   پ خ  ي,../data/phti_valid_prepared/train/PHTI-AW-F-0196-3.png,2025-12-25T15:20:53,Sana
PHTI-DM-F-0001-1,Orientation error,,0.7647058823529411,ډاکټر علي خېل درياب د مدينې يادونه,د د  کې    که,../data/phti_valid_prepared/train/PHTI-DM-F-0001-1.png,2025-12-25T15:20:55,Sana
PHTI-AW-F-0188-9,Orientation error,,0.7647058823529411,دا چې ګل غوندې ځوانان ښکاري چاپېره,د   ک ه  ې ي,../data/phti_valid_prepared/train/PHTI-AW-F-0188-9.png,2025-12-25T15:20:57,Sana
PHTI-AW-F-0157-2,Orientation error,,0.7647058823529411,ګله که ته هوس پرست ئې وجودونه ګورې,د   د  که ګ ي,../data/phti_valid_prepared/train/PHTI-AW-F-0157-2.png,2025-12-25T15:21:01,Sana
PHTI-AW-F-0169-10,Orientation error,,0.7619047619047619,ګونګ شومه په ژبه په شته خُله کښې بې اظهاره,د ه د که ک   ه پ,../data/phti_valid_prepared/train/PHTI-AW-F-0169-10.png,2025-12-25T15:21:08,Sana
PHTI-AW-F-0188-5,Orientation error,,0.7586206896551724,اباسين راته روان ښکاري چاپېره,د   ک   ې ه,../data/phti_valid_prepared/train/PHTI-AW-F-0188-5.png,2025-12-25T15:21:09,Sana
PHTI-AW-F-0176-4,Orientation error,,0.7586206896551724,محبت خو په دنيا کښې د طاوس دے,د  ه  که ي,../data/phti_valid_prepared/train/PHTI-AW-F-0176-4.png,2025-12-25T15:21:11,Sana
PHTI-AW-F-0174-10,Orientation error,,0.7586206896551724,د درد د څړيکو څۀ نامې نۀ راځي,د پ  د  ي,../data/phti_valid_prepared/train/PHTI-AW-F-0174-10.png,2025-12-25T15:21:18,Sana
PHTI-AW-F-0186-4,Orientation error,,0.7575757575757576,دغه مرام په حق پرستو ايمانونو شوے,د  ده پ  ده ک  ي,../data/phti_valid_prepared/train/PHTI-AW-F-0186-4.png,2025-12-25T15:21:26,Sana
PHTI-AW-F-0196-9,Orientation error,,0.7575757575757576,ما له خو هم د محبت چلونه ټول راځي,د ه که   ي,../data/phti_valid_prepared/train/PHTI-AW-F-0196-9.png,2025-12-25T15:21:28,Sana
PHTI-AW-F-0157-8,Orientation error,,0.75,ستا ښائستونه مې په شونډو زلزلې راولي,د ک که که ه    د ي,../data/phti_valid_prepared/train/PHTI-AW-F-0157-8.png,2025-12-25T15:21:30,Sana
PHTI-AW-F-0183-2,Orientation error,,0.75,خدايه! ستا په دې څلور قونجه دنيا کښې,ده د ې  پ ه ه,../data/phti_valid_prepared/train/PHTI-AW-F-0183-2.png,2025-12-25T15:21:32,Sana
PHTI-AW-F-0174-4,Orientation error,,0.75,ژوند د اوښکو سمندر کښې داسې سوزي,د ه د ده ه ي,../data/phti_valid_prepared/train/PHTI-AW-F-0174-4.png,2025-12-25T15:21:49,Sana
PHTI-AW-F-0174-7,Orientation error,,0.75,د اباسين چې څۀ زړۀ غواړي کوي,د  کې پ ې ه,../data/phti_valid_prepared/train/PHTI-AW-F-0174-7.png,2025-12-25T15:21:54,Sana
PHTI-KT-M-0241-2,Wrong transcription,,0.75,يوه داسې معاشره چرته قبائليت موجود دے او که حکومت او,وې هم خو په هر ځائې او هر اړخ پاندلې د حکومت ائين اور,../data/phti_valid_prepared/train/PHTI-KT-M-0241-2.png,2025-12-25T15:22:09,Sana
PHTI-AW-F-0171-10,Orientation error,,0.75,ناظر پخپله داسې دے لکه غزل د غزل,د په   دې  ي,../data/phti_valid_prepared/train/PHTI-AW-F-0171-10.png,2025-12-25T15:22:13,Sana
PHTI-AW-F-0157-1,Orientation error,,0.75,بيا دلته څۀ کړې ښار ته لاړ شه بازارونه ډک دي,د ه   د   ک ک    ه,../data/phti_valid_prepared/train/PHTI-AW-F-0157-1.png,2025-12-25T15:22:16,Sana
PHTI-AW-F-0157-11,Orientation error,,0.75,سپينه سپوږمۍ يمه چې لاس به دې را ونۀ رسي,د  دې ده  ده ک ک ه ه,../data/phti_valid_prepared/train/PHTI-AW-F-0157-11.png,2025-12-25T15:22:17,Sana
PHTI-AW-F-0121-4,Wrong transcription,,0.7444444444444445,يا سَر غواړمه يا سَر قربانوومهيا سَر غواړمه يا سَر قربانوومهيا سَر غواړمه يا سَر قربانوومه,ا غواړمه ياسرمربانو ومه,../data/phti_valid_prepared/train/PHTI-AW-F-0121-4.png,2025-12-25T15:22:46,Sana
PHTI-AW-F-0186-7,Orientation error,,0.7435897435897436,نۀ ښکته کيږئ په يو حال کښې پښتانۀ سرونه,د ک  ک      ي,../data/phti_valid_prepared/train/PHTI-AW-F-0186-7.png,2025-12-25T15:22:50,Sana
PHTI-AW-F-0184-1,Orientation error,,0.7435897435897436,روح چې پرواز کوي په حق پسې له خپله کوره,د  ه  ې  ه  ي,../data/phti_valid_prepared/train/PHTI-AW-F-0184-1.png,2025-12-25T15:22:53,Sana
PHTI-AW-F-0196-10,Orientation error,,0.7428571428571429,ته که په خپلو اداګانو باندې فخر کوې,د په  د ک  که ي,../data/phti_valid_prepared/train/PHTI-AW-F-0196-10.png,2025-12-25T15:22:54,Sana
PHTI-AW-F-0181-6,Orientation error,,0.7428571428571429,هغه قيامت هغه دوزخ زما نه نۀ هېريږي,د ده  د که ده  که,../data/phti_valid_prepared/train/PHTI-AW-F-0181-6.png,2025-12-25T15:22:57,Sana
PHTI-PT-M-0035-7,Wrong transcription,,0.7428571428571429,خــلــکــو وکــړل سرعـــام مـحبتونهخــلــکــو وکــړل سرعـــام مـحبتونه,خلقو اوکړل سرمام فختوته,../data/phti_valid_prepared/train/PHTI-PT-M-0035-7.png,2025-12-25T15:23:08,Sana
PHTI-AW-F-0171-8,Orientation error,,0.7428571428571429,د دۀ انګڼ کښې سر وهلے دے غندل د غزل,د ه د ه ه   ي,../data/phti_valid_prepared/train/PHTI-AW-F-0171-8.png,2025-12-25T15:24:31,Sana
PHTI-AW-F-0196-8,Orientation error,,0.7428571428571429,د محبت په معامله کښې سر په ټوله يمه,د ه  ک  ي,../data/phti_valid_prepared/train/PHTI-AW-F-0196-8.png,2025-12-25T15:24:54,Sana
PHTI-AW-F-0176-5,Orientation error,,0.7428571428571429,د يار اوښکه په ګوګل کښې دُردانه کړي,د ه د ه   ي,../data/phti_valid_prepared/train/PHTI-AW-F-0176-5.png,2025-12-25T15:24:57,Sana
PHTI-AW-F-0183-8,Orientation error,,0.7419354838709677,د خپل ښائست لويي به اوس نۀ منې؟,د د  ه د ه ي,../data/phti_valid_prepared/train/PHTI-AW-F-0183-8.png,2025-12-25T15:24:59,Sana
PHTI-AW-F-0174-5,Orientation error,,0.7419354838709677,يو مئين راپېدا کيږي په پېړۍ کښې,د ک ه دکې ک  که,../data/phti_valid_prepared/train/PHTI-AW-F-0174-5.png,2025-12-25T15:25:02,Sana
PHTI-AW-F-0173-1,Orientation error,,0.7419354838709677,تصوير ته وايه! چې راځې؟ نۀ راځي,د پې ې ه اه ک ه کي,../data/phti_valid_prepared/train/PHTI-AW-F-0173-1.png,2025-12-25T15:25:05,Sana
PHTI-AW-F-0188-1,Orientation error,,0.7419354838709677,ما به د چا سترګو ته ژوند تېر وو,د د کې د ه ه ي,../data/phti_valid_prepared/train/PHTI-AW-F-0188-1.png,2025-12-25T15:25:08,Sana
PHTI-AW-F-0173-6,Orientation error,,0.7407407407407407,چې د رسمونو بند دې ونۀ شلوو,د  د ه  ه,../data/phti_valid_prepared/train/PHTI-AW-F-0173-6.png,2025-12-25T15:26:03,Sana
PHTI-AW-F-0157-13,Orientation error,,0.7380952380952381,دا تۀ چې ما ته سپوږمۍ، ګل وائې، لولکه وائې,ده ده   ه د ه   ي,../data/phti_valid_prepared/train/PHTI-AW-F-0157-13.png,2025-12-25T15:26:21,Sana
PHTI-AW-F-0196-7,Orientation error,,0.7368421052631579,نۀ زۀ په ناپ باندې پوهېږمه نۀ تول راځي,ک ک ده  ه   ه  ي,../data/phti_valid_prepared/train/PHTI-AW-F-0196-7.png,2025-12-25T15:26:24,Sana
PHTI-AW-F-0181-4,Orientation error,,0.7368421052631579,ستا په زلفو او رخسار باندې پوهـ نۀ شوم,ده  ه  دې    ي,../data/phti_valid_prepared/train/PHTI-AW-F-0181-4.png,2025-12-25T15:26:27,Sana
PHTI-RS-M-0090-11,Wrong transcription,,0.7333333333333333,نن مې په سرو غرمو دياړي کړې ده,نن به پرې زونۍ له کتابونه اخلم,../data/phti_valid_prepared/train/PHTI-RS-M-0090-11.png,2025-12-25T15:26:39,Sana
PHTI-AW-F-0188-10,Orientation error,,0.7333333333333333,دا زما د اولس مټې دي خو مړې دي,د د   ک ي,../data/phti_valid_prepared/train/PHTI-AW-F-0188-10.png,2025-12-25T15:26:47,Sana
PHTI-AW-F-0157-12,Orientation error,,0.7317073170731707,زۀ سور ګلاب يم که راځې نو په ازغو به راځې,د دې اه د  ه د هي,../data/phti_valid_prepared/train/PHTI-AW-F-0157-12.png,2025-12-25T15:26:50,Sana
PHTI-AW-F-0174-9,Orientation error,,0.7307692307692307,څۀ په کافر زړۀ اوړېدلے يمه,ده ک ه ه ک ي,../data/phti_valid_prepared/train/PHTI-AW-F-0174-9.png,2025-12-25T15:26:53,Sana
PHTI-AW-F-0169-8,Orientation error,,0.7297297297297297,نور قامونه ګوره چې په کوم ډګر ولاړ دي,د ه   ه   ي,../data/phti_valid_prepared/train/PHTI-AW-F-0169-8.png,2025-12-25T15:26:56,Sana
PHTI-AW-F-0171-7,Orientation error,,0.7297297297297297,چې په سازونو په وږمو کښې پټ پټوني کوي,د  ه ک      ي,../data/phti_valid_prepared/train/PHTI-AW-F-0171-7.png,2025-12-25T15:26:57,Sana
PHTI-AW-F-0183-7,Orientation error,,0.7272727272727273,زۀ ئې حېران کړم نو حېران شوې راته,د پ ې ک  کې ي,../data/phti_valid_prepared/train/PHTI-AW-F-0183-7.png,2025-12-25T15:26:58,Sana
PHTI-AW-F-0157-9,Orientation error,,0.725,ستا دنګه غاړه د چينار په شان ځواني وينمه,د د  د ه  ک   ه,../data/phti_valid_prepared/train/PHTI-AW-F-0157-9.png,2025-12-25T15:27:02,Sana
PHTI-AW-F-0171-3,Orientation error,,0.725,د دې چينار خوا کښې چينه ده په ځنګل د غزل,د په  پ ه ه د کې ي,../data/phti_valid_prepared/train/PHTI-AW-F-0171-3.png,2025-12-25T15:27:04,Sana
PHTI-AW-F-0174-3,Orientation error,,0.7241379310344828,لکه اور وي لګېدلے په بېړۍ کښې,ده ه ه    کې ي,../data/phti_valid_prepared/train/PHTI-AW-F-0174-3.png,2025-12-25T15:27:06,Sana
PHTI-AW-F-0186-5,Orientation error,,0.7222222222222222,را زرغونيږي په مېرو کښې د ګلاب ګلونه,د  که د کې ن  ي,../data/phti_valid_prepared/train/PHTI-AW-F-0186-5.png,2025-12-25T15:27:12,Sana
PHTI-AW-F-0181-7,Orientation error,,0.7222222222222222,مودې ئې وشوې خو تر اوسه مې احساس رپي,د ه ک ه ک کې ده ي,../data/phti_valid_prepared/train/PHTI-AW-F-0181-7.png,2025-12-25T15:27:19,Sana
PHTI-AW-F-0045-7,Wrong transcription,,0.7142857142857143,دا د ډب مسلـــمانــــــــــيدا د ډب مسلـــمانــــــــــي,دا د ډب مسلمانيـ,../data/phti_valid_prepared/train/PHTI-AW-F-0045-7.png,2025-12-25T15:27:49,Sana
PHTI-AW-F-0184-8,Orientation error,,0.7142857142857143,د دوران په آئينه ختلے زنګ دے,د د که کې ا ي,../data/phti_valid_prepared/train/PHTI-AW-F-0184-8.png,2025-12-25T15:27:54,Sana
PHTI-AW-F-0173-9,Orientation error,,0.7142857142857143,زما زړګيه درنه ډېر خوشحال يم,ده ده  ه ه ک ي,../data/phti_valid_prepared/train/PHTI-AW-F-0173-9.png,2025-12-25T15:27:56,Sana
PHTI-AW-F-0196-1,Orientation error,,0.7096774193548387,د شاعر مثال په شان لکه ماشوم دے,د له  ک  ک ي,../data/phti_valid_prepared/train/PHTI-AW-F-0196-1.png,2025-12-25T15:27:57,Sana
PHTI-AW-F-0181-5,Orientation error,,0.7027027027027027,لامې تر اوسه هغه شور په ککرۍ کښې اوسي,ده د  که ک  ه ک ي,../data/phti_valid_prepared/train/PHTI-AW-F-0181-5.png,2025-12-25T15:27:59,Sana
PHTI-AW-F-0188-6,Orientation error,,0.7027027027027027,غرونه ډېر دي خو په ځائے باندې ولاړ دي,د ه د   ه  که  ي,../data/phti_valid_prepared/train/PHTI-AW-F-0188-6.png,2025-12-25T15:28:00,Sana
PHTI-AW-F-0183-4,Orientation error,,0.7027027027027027,ستا د سترګو په وسعت کښې مې زړۀ تنګ دے,د د په د  ه ش  ي,../data/phti_valid_prepared/train/PHTI-AW-F-0183-4.png,2025-12-25T15:28:06,Sana
PHTI-AW-F-0186-8,Orientation error,,0.7,ټوټې ټوټې شي دړې وړې شي خو ننګ نۀ پرېږدي,د  ه د کې ده  ه د ه ي,../data/phti_valid_prepared/train/PHTI-AW-F-0186-8.png,2025-12-25T15:28:13,Sana
PHTI-AW-F-0173-5,Orientation error,,0.7,اظهار مې چرې هم په خلې نۀ راځي,د د ه  ه ک  ي,../data/phti_valid_prepared/train/PHTI-AW-F-0173-5.png,2025-12-25T15:28:48,Sana
PHTI-AW-F-0176-1,Orientation error,,0.696969696969697,زندګي مې در نه ځار شه دا مې وس دے,د     که  ده ي,../data/phti_valid_prepared/train/PHTI-AW-F-0176-1.png,2025-12-25T15:28:52,Sana
PHTI-AW-F-0183-1,Orientation error,,0.696969696969697,بې د مينې نه هر شے څومره بدرنګ دے,د د ک  ه ک ک  ي,../data/phti_valid_prepared/train/PHTI-AW-F-0183-1.png,2025-12-25T15:28:54,Sana
PHTI-AW-F-0181-3,Orientation error,,0.696969696969697,دا اوربل دے که اوربل دے لوګے خيژي,د   دې ک   ي,../data/phti_valid_prepared/train/PHTI-AW-F-0181-3.png,2025-12-25T15:28:55,Sana
PHTI-AW-F-0173-3,Orientation error,,0.6896551724137931,بيا راله چل هم د ګيلې نۀ راځي,د ه ه    ي,../data/phti_valid_prepared/train/PHTI-AW-F-0173-3.png,2025-12-25T15:29:21,Sana
PHTI-AW-F-0183-6,Orientation error,,0.68,زرګيه زۀ دې بت پرسته کړمه,ده ک ده   ه ي,../data/phti_valid_prepared/train/PHTI-AW-F-0183-6.png,2025-12-25T15:29:25,Sana
PHTI-AW-F-0157-6,Orientation error,,0.6744186046511628,ستا جګ برېتونه ما خپل ځان ته راښکودلے نۀ شي,دا  کې ک ده   که ن ي,../data/phti_valid_prepared/train/PHTI-AW-F-0157-6.png,2025-12-25T15:29:33,Sana
PHTI-JB-F-0179-7,Wrong transcription,,0.6721311475409836,او کوهى ته يې ارتاؤ کړو يو تجارتى قافلے د اوبو د بوقې سره  پۀ,راويستو هلته يې د غلامانو په منډۍ کښې په يوه څو درهمه پۀ,../data/phti_valid_prepared/train/PHTI-JB-F-0179-7.png,2025-12-25T15:29:45,Sana
PHTI-D4-M-0020-3,Wrong transcription,,0.6666666666666666,ګل مسکے شي رابېدار شيګل مسکے شي رابېدار شيګل مسکے شي رابېدار شي,ګل مسکے شي رابيدار شي,../data/phti_valid_prepared/train/PHTI-D4-M-0020-3.png,2025-12-25T15:29:55,Sana
PHTI-AW-F-0166-12,Wrong transcription,,0.6666666666666666,چې د زلفو ګډوډه ترتيب مې خوښ دےچې د زلفو ګډوډه ترتيب مې خوښ دےچې د زلفو ګډوډه ترتيب مې خوښ دے,چې د زلفو ګډوډه ترتيب مې خوښ دے,../data/phti_valid_prepared/train/PHTI-AW-F-0166-12.png,2025-12-25T15:30:40,Sana
PHTI-AW-F-0181-1,Orientation error,,0.6551724137931034,دې کلي کښې څۀ چل دے لوګے خېژي,د ې ک  ک ه   ي,../data/phti_valid_prepared/train/PHTI-AW-F-0181-1.png,2025-12-25T15:31:08,Sana
PHTI-SP-M-0092-15,Wrong transcription,,0.6538461538461539,د زړۀ په وينو دې نغمې ليکم,ستا متي مستې ترانې ليکم,../data/phti_valid_prepared/train/PHTI-SP-M-0092-15.png,2025-12-25T15:31:19,Sana
PHTI-FT-M-0185-12,Wrong transcription,,0.6538461538461539,سم کړے دے٣٧ “سم کړے دے٣٧ “,سم کړے دے١‘‘‘,../data/phti_valid_prepared/train/PHTI-FT-M-0185-12.png,2025-12-25T15:31:42,Sana
PHTI-JT-F-0918-1,Wrong transcription,,0.65,د نظر په آئينه   کښې,د نفريبه ننداره ده,../data/phti_valid_prepared/train/PHTI-JT-F-0918-1.png,2025-12-25T15:32:07,Sana
PHTI-AF-F-0036-20,Wrong transcription,,0.6470588235294118,تا به ورته ويلی وای چی سړی يم . په,تا به ورته وړیل چه تا به ورته ویلی وای چی سړی یم. په,../data/phti_valid_prepared/train/PHTI-AF-F-0036-20.png,2025-12-25T15:32:32,Sana
PHTI-DD-M-0012-9,Wrong transcription,,0.6363636363636364,ملو خان د واده چار زما په زړه کړه,زه په لور د صدر مور ئے راواده کړه,../data/phti_valid_prepared/train/PHTI-DD-M-0012-9.png,2025-12-25T15:32:39,Sana
PHTI-FT-M-0632-8,Wrong transcription,,0.6329113924050633,سيمينارونه ، مباحثې او مذاکرې راجوړې کړي ديسيمينارونه ، مباحثې او مذاکرې راجوړې,سمنيارونه مياحثې او مذا کرې راجوړوي,../data/phti_valid_prepared/train/PHTI-FT-M-0632-8.png,2025-12-25T15:33:16,Sana
PHTI-SI-F-0257-10,Wrong transcription,,0.625,خو د اوښانو د غل سترې غلا تهخو د اوښانو د غل سترې غلا ته,خو دادشهنو د غل سره علامانه,../data/phti_valid_prepared/train/PHTI-SI-F-0257-10.png,2025-12-25T15:33:20,Sana
PHTI-AZ-M-0030-7,Wrong transcription,,0.6153846153846154,ډز چې د امن په کونتره کېږي,د امن خو قاله شګره کېري,../data/phti_valid_prepared/train/PHTI-AZ-M-0030-7.png,2025-12-25T15:33:37,Sana
PHTI-AF-F-0042-18,Wrong transcription,,0.6071428571428571,د ږیری سره ټکرد ږیری سره ټکر,ږږیرۍ سره ټکر:,../data/phti_valid_prepared/train/PHTI-AF-F-0042-18.png,2025-12-25T15:34:21,Sana
PHTI-D4-M-0011-18,Wrong transcription,,0.603448275862069,چې د دۀ په دور هند لکه جنت وۀچې د دۀ په دور هند لکه جنت وۀ,چې زدۀ په هند لکه جنت وۀ,../data/phti_valid_prepared/train/PHTI-D4-M-0011-18.png,2025-12-25T15:34:30,Sana
PHTI-SP-M-0051-18,Wrong transcription,,0.6,الله دې دغه شان  آباد لره  زما وطنه,الله دې معنون يمه په خدائے ته ې ليلي وطنه,../data/phti_valid_prepared/train/PHTI-SP-M-0051-18.png,2025-12-25T15:35:03,Sana
PHTI-JT-F-0292-18,Wrong transcription,,0.6,ضرورت ؤ، خو متاسفانه داسېضرورت ؤ، خو متاسفانه داسې,ضرورت ؤ خو متاسق داسې,../data/phti_valid_prepared/train/PHTI-JT-F-0292-18.png,2025-12-25T15:35:15,Sana
PHTI-AW-F-0127-3,Wrong transcription,,0.5975609756097561,چې د خېبر په سر ښکاره شمه سور اور ته ګورمچې د خېبر په سر ښکاره شمه سور اور ته ګورم,چې د خېرېه ښاره شمه نور اورته ګورم,../data/phti_valid_prepared/train/PHTI-AW-F-0127-3.png,2025-12-25T15:35:36,Sana
PHTI-RS-M-0086-6,Wrong transcription,,0.59375,دَ رقيب خوله دَ برغولي نه ده وتي,دَ رقيب باندې به واواري رانجه خورم,../data/phti_valid_prepared/train/PHTI-RS-M-0086-6.png,2025-12-25T15:35:54,Sana
PHTI-JT-F-0423-4,Wrong transcription,,0.5897435897435898,د مطرب د رباب ټنګ ئېد فطرت خوږه نغمه ئې,د ؤطرت خوږه نغمه ي,../data/phti_valid_prepared/train/PHTI-JT-F-0423-4.png,2025-12-25T15:36:10,Sana
PHTI-SI-F-0099-7,Wrong transcription,,0.5892857142857143,دلته دېره دي د تهذيب د اثاثودلته دېره دي د تهذيب د اثاثو,دلته ډېره دې تهايب د اشاثو,../data/phti_valid_prepared/train/PHTI-SI-F-0099-7.png,2025-12-25T15:36:14,Sana
PHTI-PT-M-0003-4,Wrong transcription,,0.5833333333333334,‏زمہ جانان مجلس د چہ سره کوینه‏زمہ جانان مجلس د چہ سره کوینه,زما جانان معلس دَ چې سره کویينه,../data/phti_valid_prepared/train/PHTI-PT-M-0003-4.png,2025-12-25T15:36:52,Sana
PHTI-MP-M-0062-9,Segmentation error,,0.5806451612903226,په ديواله ئې د کمڅو سېوري دی د مينې خوند دې پرې بې خونده نه شي,په مديو اله ئې د کپو سې کې ي دې ن,../data/phti_valid_prepared/train/PHTI-MP-M-0062-9.png,2025-12-25T15:36:56,Sana
PHTI-PT-M-0032-2,Wrong transcription,,0.5789473684210527,له دې واړه مذهبيانوله دې واړه مذهبيانو,له دے واړو مذهسبانو,../data/phti_valid_prepared/train/PHTI-PT-M-0032-2.png,2025-12-25T15:37:02,Sana
PHTI-DM-F-0045-12,Wrong transcription,,0.5789473684210527,د سرکارِ دو عالم وےد سرکارِ دو عالم وے,دسرکار دوع کم وے,../data/phti_valid_prepared/train/PHTI-DM-F-0045-12.png,2025-12-25T15:37:09,Sana
PHTI-JT-F-0899-14,Wrong transcription,,0.578125,لكه چې وړاندې ذكر شوے دے چې پښتولكه چې وړاندې ذكر شوے دے چې پښتو,لکه چې وړاندۍ ذکر شوې دے ـ چې سيو,../data/phti_valid_prepared/train/PHTI-JT-F-0899-14.png,2025-12-25T15:37:18,Sana
PHTI-KT-M-0257-4,Wrong transcription,,0.5714285714285714,په وطن کښې زما  داسې  جونه  هم  شتهپه وطن کښې زما  داسې  جونه  هم  شته,په وحش کښې زما داسې جونه هم شته,../data/phti_valid_prepared/train/PHTI-KT-M-0257-4.png,2025-12-25T15:37:33,Sana
PHTI-RS-M-0088-16,Wrong transcription,,0.5714285714285714,دَدے حاجي صېب مصلې چې په هوا الووځيدَدے حاجي صېب مصلې چې په هوا الووځي,ددے حاجيي صېب صصيې چې په هوا کووځې,../data/phti_valid_prepared/train/PHTI-RS-M-0088-16.png,2025-12-25T15:37:58,Sana
PHTI-ST-M-0208-15,Wrong transcription,,0.5689655172413793,هندوان دَ سېلمې شو مردار پکښېهندوان دَ سېلمې شو مردار پکښې,هندوان دَ سيلمې شومې دارپښي,../data/phti_valid_prepared/train/PHTI-ST-M-0208-15.png,2025-12-25T15:38:01,Sana
PHTI-HN-M-0012-17,Wrong transcription,,0.5689655172413793,د بزرګۍ ګېسي دې واورم وخاندمهد بزرګۍ ګېسي دې واورم وخاندمه,د يزوګۍ ګرسي دې واودم وخانهمه,../data/phti_valid_prepared/train/PHTI-HN-M-0012-17.png,2025-12-25T15:38:05,Sana
PHTI-AW-F-0125-5,Wrong transcription,,0.5666666666666667,ستا زرين انځور زما نه څۀ غواړيستا زرين انځور زما نه څۀ غواړي,سازريګ انځوا زمانه څۀ غواړي,../data/phti_valid_prepared/train/PHTI-AW-F-0125-5.png,2025-12-25T15:39:07,Sana
PHTI-FT-M-0596-7,Wrong transcription,,0.5652173913043478,پرې شروع کړے ـ په دې کښې ’’تور پټکے ‘‘ کوم چې٣٦پرې شروع کړے ـ په دې کښې ’’تور پټکے ‘‘ کوم چې,"پرې شروع کړے ـ په دې کښې ""تور پټے‘ کوم چې",../data/phti_valid_prepared/train/PHTI-FT-M-0596-7.png,2025-12-25T15:39:16,Sana
PHTI-PT-M-0054-5,Wrong transcription,,0.5648148148148148,اور لګېدو له کبله لږترلږه ۵۲ کسان مړه او ۳۰ ټپي شوي دياور لګېدو له کبله لږترلږه ۵۲ کسان مړه او ۳۰ ټپي شوي دي,اورلګېدو له کبله لږ تر لږ ده کسان مړه او  ټپې شوې دي,../data/phti_valid_prepared/train/PHTI-PT-M-0054-5.png,2025-12-25T15:39:18,Sana
PHTI-JB-F-0276-8,Wrong transcription,,0.5645161290322581,"يار مې د ګلولو کوى ګوتې رېبينه""يار مې د ګلولو کوى ګوتې رېبينه""",يارې د ګلونولوکوي ګوتې ريبينه,../data/phti_valid_prepared/train/PHTI-JB-F-0276-8.png,2025-12-25T15:39:25,Sana
PHTI-PT-M-0003-2,Wrong transcription,,0.5625,سبه به واېۍ چې مه خوب لېدلې وونهسبه به واېۍ چې مه خوب لېدلې وونه,سبه به وائي چې مۀ خوب ليدلې وونه,../data/phti_valid_prepared/train/PHTI-PT-M-0003-2.png,2025-12-25T15:39:29,Sana
PHTI-SI-F-0050-10,Wrong transcription,,0.5625,د ځنو لګېدلي وي لرګي په دېوالونود ځنو لګېدلي وي لرګي په دېوالونو,د ځنونګيدلې وي لرګې په ديوالونو,../data/phti_valid_prepared/train/PHTI-SI-F-0050-10.png,2025-12-25T15:40:32,Sana
PHTI-JT-F-0102-10,Wrong transcription,,0.5588235294117647,"(تیرہ) جلدیں شائع ہو چکی ہیں"" (۱۷)(تیرہ) جلدیں شائع ہو چکی ہیں"" (۱۷)","رتیره) جلدیں شائع ہو چکی ہیںں""((١٦)",../data/phti_valid_prepared/train/PHTI-JT-F-0102-10.png,2025-12-25T15:40:45,Sana
PHTI-SI-F-0273-6,Wrong transcription,,0.5588235294117647,بل خوا خبره د ملا ده زه به څنګهبل خوا خبره د ملا ده زه به څنګه ښه شم,بل خواهبره د ملا ده نه په څنګه ښ,../data/phti_valid_prepared/train/PHTI-SI-F-0273-6.png,2025-12-25T15:40:48,Sana
PHTI-RS-M-0027-12,Wrong transcription,,0.5588235294117647,دَ کلې بې ترتيبه رڼاګانو ته نۀ رسيدَ کلې بې ترتيبه رڼاګانو ته نۀ رسي,د کلمي ئې ترتيبه رڼاګانو ته نه رسيه,../data/phti_valid_prepared/train/PHTI-RS-M-0027-12.png,2025-12-25T15:40:52,Sana
PHTI-D3-M-0002-19,Wrong transcription,,0.5576923076923077,کيتهلي په ذريعه رسېدلي وو.کيتهلي په ذريعه رسېدلي وو.,کيهلي په ذريعه رسيدلې وو,../data/phti_valid_prepared/train/PHTI-D3-M-0002-19.png,2025-12-25T15:41:15,Sana
PHTI-SI-F-0273-7,Wrong transcription,,0.5555555555555556,پټ په پټه,پکيه يمه,../data/phti_valid_prepared/train/PHTI-SI-F-0273-7.png,2025-12-25T15:41:35,Sana
PHTI-SI-F-0195-6,Wrong transcription,,0.5540540540540541,مستې به د ګوتو تاوهل ائين ته ناسته وهمستې به د ګوتو تاوهل ائين ته ناسته وه,مستۍ په ده ګوتو تاوهي آئن ته ناسته وه,../data/phti_valid_prepared/train/PHTI-SI-F-0195-6.png,2025-12-25T15:41:39,Sana
PHTI-PT-M-0054-4,Wrong transcription,,0.5535714285714286,بنګله دیش کې د بېړنیو خدماتو اداره وايي یوه کارخانه کې دبنګله دیش کې د بېړنیو خدماتو اداره وايي یوه کارخانه کې د,بنګله وېش کښې دَ بېړينو خدماتو اداره وائي يوه کار خا نه کې د,../data/phti_valid_prepared/train/PHTI-PT-M-0054-4.png,2025-12-25T15:41:44,Sana
PHTI-SI-F-0209-9,Wrong transcription,,0.5535714285714286,بې وسو راپسې لام کوؤ دريابهؔبې وسو راپسې لام کوؤ دريابهؔ,بې وسو اپيسې لام کودريابهه,../data/phti_valid_prepared/train/PHTI-SI-F-0209-9.png,2025-12-25T15:42:07,Sana
PHTI-SI-F-0206-10,Wrong transcription,,0.5535714285714286,په کر اؤ کار کښې دې وژلې يمهپه کر اؤ کار کښې دې وژلې يمه,په کراوبهار کښې دې وړلې يمه,../data/phti_valid_prepared/train/PHTI-SI-F-0206-10.png,2025-12-25T15:42:09,Sana
PHTI-A1-F-0107-13,Wrong transcription,,0.5526315789473685,پۀ خداے کۀ هغه حسن دې زما پۀ شان محسوسپۀ خداے کۀ هغه حسن دې زما پۀ شان محسوس,په خدائے که هغه حسن دې زما په شان محيوس,../data/phti_valid_prepared/train/PHTI-A1-F-0107-13.png,2025-12-25T15:42:11,Sana
PHTI-SI-F-0121-6,Wrong transcription,,0.5517241379310345,ګوره پرېږدې چې مې سبا په لارهګوره پرېږدې چې مې سبا په لاره,ګوره پرېږدي چې مې سبايه لاره,../data/phti_valid_prepared/train/PHTI-SI-F-0121-6.png,2025-12-25T15:42:27,Sana
PHTI-SI-F-0192-6,Wrong transcription,,0.5512820512820513,جانانه که فطرت مې په رنګونو کښې رانغاړيجانانه که فطرت مې په رنګونو کښې رانغاړي,جانانه که فطرت مې رنګونو کې رانغاړي,../data/phti_valid_prepared/train/PHTI-SI-F-0192-6.png,2025-12-25T15:42:32,Sana
PHTI-MP-M-0035-2,Wrong transcription,,0.55,يو ستم د اورنګزيب بله پيري شوهيو ستم د اورنګزيب بله پيري شوه,يوستم داورنګ زيب بله پېرې شوه,../data/phti_valid_prepared/train/PHTI-MP-M-0035-2.png,2025-12-25T15:42:41,Sana
PHTI-SI-F-0005-11,Wrong transcription,,0.55,رحمت شاه سائيل وائي.رحمت شاه سائيل وائي.,رحمت شاه سانيل وائي,../data/phti_valid_prepared/train/PHTI-SI-F-0005-11.png,2025-12-25T15:42:45,Sana
PHTI-SP-M-0031-17,Wrong transcription,,0.5483870967741935,لوړ همت، لوړ مرام بريالے بريالےلوړ همت، لوړ مرام بريالے بريالے,لوړ همت لوړ مرام برياے برياے,../data/phti_valid_prepared/train/PHTI-SP-M-0031-17.png,2025-12-25T15:42:51,Sana
PHTI-D4-M-0052-2,Wrong transcription,,0.5476190476190477,دے د دوو کونو سراج دےدے د دوو کونو سراج دے,دے دوو کونو سراج دے,../data/phti_valid_prepared/train/PHTI-D4-M-0052-2.png,2025-12-25T15:42:54,Sana
PHTI-SI-F-0090-10,Wrong transcription,,0.5454545454545454,نور څه نشته,نور څه شته يادو,../data/phti_valid_prepared/train/PHTI-SI-F-0090-10.png,2025-12-25T15:43:10,Sana
PHTI-SP-M-0031-10,Wrong transcription,,0.5454545454545454,د ښائېستونو د رنګونو د سپرلو وطنه,د ګلالو وطنه د ننګيالو وطنه,../data/phti_valid_prepared/train/PHTI-SP-M-0031-10.png,2025-12-25T15:43:28,Sana
PHTI-PT-M-0054-9,Wrong transcription,,0.5454545454545454,پلاستیک او کیمیاوي توکو د زېرمه کېدو له کبلهپلاستیک او کیمیاوي توکو د زېرمه کېدو له کبله,پلاستيک او کېمياوي توکو د زيرمه کېدو له کېده,../data/phti_valid_prepared/train/PHTI-PT-M-0054-9.png,2025-12-25T15:43:31,Sana
PHTI-D5-F-0075-15,Wrong transcription,,0.5441176470588235,کور ئې  خور لکه د قيس او د وامق شيکور ئې  خور لکه د قيس او د وامق شي,کويې خور لکه د قيس او د اوامق شي,../data/phti_valid_prepared/train/PHTI-D5-F-0075-15.png,2025-12-25T15:43:42,Sana
PHTI-PT-M-0054-8,Wrong transcription,,0.5434782608695652,خبري اژانس ته ویلي دا اور د کارخانې ودانۍ کې دخبري اژانس ته ویلي دا اور د کارخانې ودانۍ کې د,خبرې اژانس ته ويلي دا اور د کارخاني ودائي کښې د,../data/phti_valid_prepared/train/PHTI-PT-M-0054-8.png,2025-12-25T15:43:45,Sana
PHTI-PT-M-0054-7,Wrong transcription,,0.5434782608695652,په یوه تولیدي فابریکه کې شوې ده. چارواکو اې پيپه یوه تولیدي فابریکه کې شوې ده. چارواکو اې پي,په يوه توليدي فابريکه کې شوې ده چا ر واکو اي يي,../data/phti_valid_prepared/train/PHTI-PT-M-0054-7.png,2025-12-25T15:43:52,Sana
PHTI-PG-M-0001-13,Wrong transcription,,0.5416666666666666,ځکه د ځان نه بې درکه لګيځکه د ځان نه بې درکه لګي,ځکه د خان نه بې درګه ني,../data/phti_valid_prepared/train/PHTI-PG-M-0001-13.png,2025-12-25T15:43:54,Sana
PHTI-SI-F-0207-5,Wrong transcription,,0.5416666666666666,چې زما د بربادۍ متمني دےچې زما د بربادۍ متمني دے,چې زما د پربادي متمينې دے,../data/phti_valid_prepared/train/PHTI-SI-F-0207-5.png,2025-12-25T15:43:59,Sana
PHTI-SI-F-0045-11,Wrong transcription,,0.54,ورېږي هره شپه ئې مړدکي پهورېږي هره شپه ئې مړدکي په,وريږي هره شپه ئې مروکي په,../data/phti_valid_prepared/train/PHTI-SI-F-0045-11.png,2025-12-25T15:44:26,Sana
PHTI-JT-F-0075-4,Wrong transcription,,0.5384615384615384,علی خان ته وړاندې كړو نو هغه هم ډېر خوښ,علی خان ته وړاندې كړو نو هغه هم دي خوښ كړو نو هغه هم ډېر خوښ,../data/phti_valid_prepared/train/PHTI-JT-F-0075-4.png,2025-12-25T15:44:40,Sana
PHTI-KT-M-0231-12,Wrong transcription,,0.5384615384615384,قافلو سره کول غواړي ۔ ډاکټر يار محمد مغموم چې د پښتوقافلو سره کول غواړي ۔ ډاکټر يار محمد مغموم چې د پښتو,قافلو سره کول غواړي ډاکټريار محمد معموم چې د پښتو,../data/phti_valid_prepared/train/PHTI-KT-M-0231-12.png,2025-12-25T15:44:54,Sana
PHTI-SI-F-0055-8,Wrong transcription,,0.5384615384615384,ملان ګورې د مينې د قيصو په حق کښې نۀ دي,ملان خو د عرت د خورولو ميرنې دي,../data/phti_valid_prepared/train/PHTI-SI-F-0055-8.png,2025-12-25T15:45:07,Sana
PHTI-SI-F-0129-6,Wrong transcription,,0.5370370370370371,چې اقتدا ئې په ملا پسې پنځهچې اقتدا ئې په ملا پسې پنځه,چې اقتدائۍ په ملا پسې پنځه,../data/phti_valid_prepared/train/PHTI-SI-F-0129-6.png,2025-12-25T15:45:12,Sana
PHTI-RS-M-0091-17,Wrong transcription,,0.5370370370370371,ځانته دې سيورے څه خبرې کړلېځانته دې سيورے څه خبرې کړلې,ځانته دے سپورے څه خبرې کړې,../data/phti_valid_prepared/train/PHTI-RS-M-0091-17.png,2025-12-25T15:45:15,Sana
PHTI-ST-M-0072-5,Wrong transcription,,0.5363636363636364,او قافيه شروع کيږي، دَ پټۍ نوم ورکړے دے ـ  په دې کښې هماو قافيه شروع کيږي، دَ پټۍ نوم ورکړے دے ـ  په دې کښې هم,او قافيه شروع کيږي دَ پټۍ نوم ورکړے دے ـ په وې نې هم,../data/phti_valid_prepared/train/PHTI-ST-M-0072-5.png,2025-12-25T15:45:24,Sana
PHTI-FT-M-0060-5,Wrong transcription,,0.5362318840579711,وړومبي سربراه سره زما دې رابطې زۀ پهوړومبي سربراه سره زما دې رابطې زۀ,وړومبي سربراه سره زما دې رابطلې نۀ,../data/phti_valid_prepared/train/PHTI-FT-M-0060-5.png,2025-12-25T15:45:33,Sana
PHTI-AF-F-0017-15,Wrong transcription,,0.5357142857142857,ويښه ناسته وه.ويښه ناسته وه.,وينه ناسته وه,../data/phti_valid_prepared/train/PHTI-AF-F-0017-15.png,2025-12-25T15:45:39,Sana
PHTI-SI-F-0233-7,Wrong transcription,,0.5357142857142857,الهام مې درله راؤړو اؤ وجدان مې درله راؤړوالهام مې درله راؤړو اؤ وجدان مې درله راؤړو,الهام مې درله راوړ و و جدان مې دله راؤړو,../data/phti_valid_prepared/train/PHTI-SI-F-0233-7.png,2025-12-25T15:46:20,Sana
PHTI-AW-F-0141-12,Wrong transcription,,0.5357142857142857,د دومره حُسن سره دومره مينه؟د دومره حُسن سره دومره مينه؟,د دومره حسن سره دومره مينه,../data/phti_valid_prepared/train/PHTI-AW-F-0141-12.png,2025-12-25T15:46:22,Sana
PHTI-FT-M-0188-12,Wrong transcription,,0.5348837209302325,جذبات نګارۍ سره مخ کړو ـ حسن ، عشق او رومانجذبات نګارۍ سره مخ کړو ـ حسن ، عشق او رومان,جذبات لګارۍ سره مخ کړو. حسن ، عشق ار رومان,../data/phti_valid_prepared/train/PHTI-FT-M-0188-12.png,2025-12-25T15:46:31,Sana
PHTI-SI-F-0149-8,Wrong transcription,,0.5344827586206896,حالات اؤ واقعات د پښتنو په حقحالات اؤ واقعات د پښتنو په حق,حلات اؤ واقعات دا پښتو په حقق,../data/phti_valid_prepared/train/PHTI-SI-F-0149-8.png,2025-12-25T15:46:35,Sana
PHTI-SI-F-0151-3,Wrong transcription,,0.5344827586206896,سړيه ګونګټان خو د سپرلو په حقسړيه ګونګټان خو د سپرلو په حق,سړيه ګونګټان ده سپرلو په حق,../data/phti_valid_prepared/train/PHTI-SI-F-0151-3.png,2025-12-25T15:46:37,Sana
PHTI-PT-M-0003-3,Wrong transcription,,0.5344827586206896,سپینې سپوږمۍ حال یه راته وایهسپینې سپوږمۍ حال یه راته وایه,سپينې سپوږمۍ حال په راته وايه,../data/phti_valid_prepared/train/PHTI-PT-M-0003-3.png,2025-12-25T15:46:42,Sana
PHTI-AZ-M-0037-19,Wrong transcription,,0.5344827586206896,راغله سينګار له آيئنې ته حورهراغله سينګار له آيئنې ته حوره,راغله سينګار له مائينې ته خوره,../data/phti_valid_prepared/train/PHTI-AZ-M-0037-19.png,2025-12-25T15:46:44,Sana
PHTI-ST-M-0075-8,Wrong transcription,,0.5338983050847458,دې غمونو دَ خوشحال بابا په زړۀ يو طوفان راوستو، بابا دَ خپلدې غمونو دَ خوشحال بابا په زړۀ يو طوفان راوستو، بابا دَ خپل,دې معمو نو دَ موشۍ ل بابا په زړۀ يو طوخان راومستو، بابا دَ خپل,../data/phti_valid_prepared/train/PHTI-ST-M-0075-8.png,2025-12-25T15:47:18,Sana
PHTI-JB-F-0271-8,Wrong transcription,,0.5333333333333333,د کلې پېغلې ترى منګى راډکوي نهد کلې پېغلې ترى منګى راډکوي نه,د کلي پېغلې ترې منګې راډکوي نه,../data/phti_valid_prepared/train/PHTI-JB-F-0271-8.png,2025-12-25T15:47:20,Sana
PHTI-HN-M-0003-12,Wrong transcription,,0.5319148936170213,"يو عذاب شي, يو پېغور شيييو عذاب شي, يو پېغور شي",يو عذاب شي يو پېغور شي,../data/phti_valid_prepared/train/PHTI-HN-M-0003-12.png,2025-12-25T15:47:22,Sana
PHTI-PT-M-0054-3,Wrong transcription,,0.53125,الله دى زمونګ حفاظت وکى او دا وبا دى الله د ټولىالله دى زمونګ حفاظت وکى او دا وبا دى الله د ټولى,الله دې زمونګ حفاظت وکي او دا اوبا دې الله د ټولې,../data/phti_valid_prepared/train/PHTI-PT-M-0054-3.png,2025-12-25T15:47:28,Sana
PHTI-JT-F-0866-2,Wrong transcription,,0.53125,هغه دنيا ښکلې دههغه دنيا ښکلې ده,هغه ونيا ښکلې ده,../data/phti_valid_prepared/train/PHTI-JT-F-0866-2.png,2025-12-25T15:47:38,Sana
PHTI-ST-M-0205-10,Wrong transcription,,0.53125,خبر جناح صاحب ووخبر جناح صاحب وو,خېر جناح صاحب وو,../data/phti_valid_prepared/train/PHTI-ST-M-0205-10.png,2025-12-25T15:47:40,Sana
PHTI-SI-F-0278-10,Wrong transcription,,0.5303030303030303,دلته يوازې خو دهقان نه دې په  بدهدلته يوازې خو دهقان نه دې په  بده,دلته يوازې خو دهقان نه دې په بره,../data/phti_valid_prepared/train/PHTI-SI-F-0278-10.png,2025-12-25T15:50:46,Sana
PHTI-AF-F-0052-5,Wrong transcription,,0.5301204819277109,دی ښايسته ده ؟ زوی يی ویل نه موری داسی ده لکه ته:مور وخپل زوی ته وویل : زویه د پلار,دې ښاښته ده مور خپل زوی ته ویل نه موری داسې ده له ته پلار,../data/phti_valid_prepared/train/PHTI-AF-F-0052-5.png,2025-12-25T15:50:49,Sana
PHTI-RS-M-0069-18,Wrong transcription,,0.5294117647058824,په رېښمي زلفې کښې مخ هغې راونغښتلوپه رېښمي زلفې کښې مخ هغې راونغښتلو,په رېښمي زلنې کښې مخ هغې راونختلو,../data/phti_valid_prepared/train/PHTI-RS-M-0069-18.png,2025-12-25T15:50:51,Sana
PHTI-SP-M-0087-21,Wrong transcription,,0.5294117647058824,تل به ځليږې زۀ اسلام دا نظريه لرمهتل به ځليږې زۀ اسلام دا نظريه لرمه,تل به ځلېږي زه اسلام دا نظريه لرمه,../data/phti_valid_prepared/train/PHTI-SP-M-0087-21.png,2025-12-25T15:50:53,Sana
PHTI-ST-M-0205-9,Wrong transcription,,0.5294117647058824,کارونه دَ رب ګورهکارونه دَ رب ګوره,کارونه د رب ګوره,../data/phti_valid_prepared/train/PHTI-ST-M-0205-9.png,2025-12-25T15:50:56,Sana
PHTI-AW-F-0072-5,Wrong transcription,,0.5294117647058824,مينه هم نه غواړم، په سوال کښې راځيمينه هم نه غواړم، په سوال کښې راځي,مينه هم نه غواړ په سوال کښې راځي,../data/phti_valid_prepared/train/PHTI-AW-F-0072-5.png,2025-12-25T15:50:59,Sana
PHTI-AW-F-0212-9,Wrong transcription,,0.5294117647058824,بحرونهد   پښتو   شعر   په     زمکه,د پښتو شعر پر زمکر,../data/phti_valid_prepared/train/PHTI-AW-F-0212-9.png,2025-12-25T15:51:07,Sana
PHTI-D4-M-0025-4,Wrong transcription,,0.5294117647058824,کله هلته کله دلتهکله هلته کله دلته,کله هلته کله ولته,../data/phti_valid_prepared/train/PHTI-D4-M-0025-4.png,2025-12-25T15:51:10,Sana
PHTI-SP-M-0032-22,Wrong transcription,,0.5285714285714286,مونږ ستا په مينه هره د دوتره تېر يومونږ ستا په مينه هره د دوتره تېر يو,مونږ سته په مينه د هر دوتره تېر يو,../data/phti_valid_prepared/train/PHTI-SP-M-0032-22.png,2025-12-25T15:51:14,Sana
PHTI-JT-F-0933-4,Wrong transcription,,0.5277777777777778,د احساس يوه چپه دهد احساس يوه چپه ده,د احساس يوه چه ده,../data/phti_valid_prepared/train/PHTI-JT-F-0933-4.png,2025-12-25T15:51:21,Sana
PHTI-ST-M-0205-12,Wrong transcription,,0.5277777777777778,دَ هر مسلم طبيب وودَ هر مسلم طبيب وو,دَ هر مسم طبيب وو,../data/phti_valid_prepared/train/PHTI-ST-M-0205-12.png,2025-12-25T15:51:27,Sana
PHTI-D3-M-0053-9,Wrong transcription,,0.5272727272727272,رقص روا ګڼل، شعرونه وئيل او ځنې نور مباح څيزونه جائز ديرقص روا ګڼل، شعرونه وئيل او ځنې نور مباح څيزونه جائز دي,رقص رواګڼ، شعرونه وئيل او ځني نور مباه څيزو نه جائز دي,../data/phti_valid_prepared/train/PHTI-D3-M-0053-9.png,2025-12-25T15:51:30,Sana
PHTI-KT-M-0039-7,Wrong transcription,,0.5267857142857143,رواجونه، او د احکامو مجوعه ده۔ دا د مور د غيږې نه ترقبرهرواجونه، او د احکامو مجوعه ده۔ دا د مور د غيږې نه ترقبره,رواجونه، او د احکامو مجموعه ده ـ  دا دمور د غېږې نه ترقيره,../data/phti_valid_prepared/train/PHTI-KT-M-0039-7.png,2025-12-25T15:51:34,Sana
PHTI-DM-F-0055-8,Wrong transcription,,0.5263157894736842,په واړو کښې اولی دےپه واړو کښې اولی دے,په واړو کښې اولي دے,../data/phti_valid_prepared/train/PHTI-DM-F-0055-8.png,2025-12-25T15:51:36,Sana
PHTI-ST-M-0205-7,Wrong transcription,,0.5263157894736842,په هر وطن يې شور دےپه هر وطن يې شور دے,په هر وطن مې شور دے,../data/phti_valid_prepared/train/PHTI-ST-M-0205-7.png,2025-12-25T15:51:44,Sana
PHTI-KT-M-0055-11,Wrong transcription,,0.5263157894736842,ډول اړيکے پئيل شوے۔ډول اړيکے پئيل شوے۔,ډول اړيکے پئيل شوے,../data/phti_valid_prepared/train/PHTI-KT-M-0055-11.png,2025-12-25T15:51:52,Sana
PHTI-AW-F-0060-10,Wrong transcription,,0.5263157894736842,د سېزنۍ يو څو لړونهد سېزنۍ يو څو لړونه,د سيزنۍ يو څولړونه,../data/phti_valid_prepared/train/PHTI-AW-F-0060-10.png,2025-12-25T15:52:00,Sana
PHTI-A1-F-0116-11,Wrong transcription,,0.5254237288135594,دا چې ګام پۀ ګام پرې راغوړيږمهځي مې د ملالو سترګو نم پۀ لار,چې مې د ملالو سترګو نم په لار,../data/phti_valid_prepared/train/PHTI-A1-F-0116-11.png,2025-12-25T15:52:10,Sana
PHTI-ST-M-0125-14,Wrong transcription,,0.5227272727272727,که څوک وائی چه تالے دےکه څوک وائی چه تالے دے,که څوک وائي چه تالے دے,../data/phti_valid_prepared/train/PHTI-ST-M-0125-14.png,2025-12-25T15:52:17,Sana
PHTI-PT-M-0003-8,Wrong transcription,,0.5227272727272727,مینه دې پټه پاتې مه شهمینه دې پټه پاتې مه شه,مينه دې پټه پاتې مه شه,../data/phti_valid_prepared/train/PHTI-PT-M-0003-8.png,2025-12-25T15:52:20,Sana
PHTI-JT-F-0246-12,Wrong transcription,,0.5227272727272727,بېخی قعه ده، شعرونه يېبېخی قعه ده، شعرونه يې,بېخی قصه ده، شعرونه يې,../data/phti_valid_prepared/train/PHTI-JT-F-0246-12.png,2025-12-25T15:52:22,Sana
PHTI-KT-M-0232-14,Wrong transcription,,0.5222222222222223,بانيانو کښې ئې د امير حمزه شينواري سرفهرست دےبانيانو کښې ئې د امير حمزه شينواري سرفهرست دے,بانيانو کښې ئې دامير حزه شينواري سر فهرست د,../data/phti_valid_prepared/train/PHTI-KT-M-0232-14.png,2025-12-25T15:52:25,Sana
PHTI-RS-M-0064-19,Wrong transcription,,0.5208333333333334,ضرورتونو دَ ژوند اوخوړمهضرورتونو دَ ژوند اوخوړمه,ضرورتونو د ژوند اوخوړمه,../data/phti_valid_prepared/train/PHTI-RS-M-0064-19.png,2025-12-25T15:52:48,Sana
PHTI-AW-F-0133-13,Wrong transcription,,0.5185185185185185,دا دشمني لږه ده چې ځان لرم؟دا دشمني لږه ده چې ځان لرم؟,دا دشمني لږه ده چې ځان لرم,../data/phti_valid_prepared/train/PHTI-AW-F-0133-13.png,2025-12-25T15:52:50,Sana
PHTI-KT-M-0325-4,Wrong transcription,,0.5185185185185185,عمراني پوهان پدې حواله ليکيعمراني پوهان پدې حواله ليکي,عمراني پوهان پرې حواله ليكي,../data/phti_valid_prepared/train/PHTI-KT-M-0325-4.png,2025-12-25T15:52:58,Sana
PHTI-FT-M-0249-12,Wrong transcription,,0.5178571428571429,دا د زړۀ مينه د هسې ګلزار دهدا د زړۀ مينه د هسې ګلزار ده,دا د زړۀ مينه هيسې ګلزار ده,../data/phti_valid_prepared/train/PHTI-FT-M-0249-12.png,2025-12-25T15:52:59,Sana
PHTI-AW-F-0205-11,Wrong transcription,,0.5178571428571429,دے ئې مخې ته مدهم شي داسې دےدے ئې مخې ته مدهم شي داسې دے,دے ئې مخې نه مدهم شي داسې دے,../data/phti_valid_prepared/train/PHTI-AW-F-0205-11.png,2025-12-25T15:53:02,Sana
PHTI-SI-F-0156-9,Wrong transcription,,0.5172413793103449,شاعري خو دالهام ده د وجدان دهشاعري خو دالهام ده د وجدان ده,شاعرۍ خو د الهام ده دوجدان ده,../data/phti_valid_prepared/train/PHTI-SI-F-0156-9.png,2025-12-25T15:53:04,Sana
PHTI-PL-F-0036-16,Wrong transcription,,0.5166666666666667,نُور د شمعې په فانوس کله پټېږينُور د شمعې په فانوس کله پټېږي,نور د شمعې په فانوس کله پټېږي,../data/phti_valid_prepared/train/PHTI-PL-F-0036-16.png,2025-12-25T15:53:06,Sana
PHTI-SP-M-0047-20,Wrong transcription,,0.5166666666666667,دبطحاً نه سېوا په دې ټوله دنيادبطحاً نه سېوا په دې ټوله دنيا,د بطح نه سېوا په دې ټوله دنيا,../data/phti_valid_prepared/train/PHTI-SP-M-0047-20.png,2025-12-25T15:53:11,Sana
PHTI-PT-M-0003-11,Wrong transcription,,0.5166666666666667,چې مازيګر شي په جارو دې ټولومهچې مازيګر شي په جارو دې ټولومه,چې مازنګر شي په جارو دې ټولومه,../data/phti_valid_prepared/train/PHTI-PT-M-0003-11.png,2025-12-25T15:53:12,Sana
PHTI-PT-M-0003-5,Wrong transcription,,0.5166666666666667,ګناه کومه چی دوزخ ته پسی ورسمهګناه کومه چی دوزخ ته پسی ورسمه,ګناه کومه چې د وزخ ته پسې ورسمه,../data/phti_valid_prepared/train/PHTI-PT-M-0003-5.png,2025-12-25T15:53:18,Sana
PHTI-D3-M-0050-15,Wrong transcription,,0.5161290322580645,او لږه موده کښې فارغ التحصيل شواو لږه موده کښې فارغ التحصيل شو,او لږه موده کښې فارغ التحميل شوـ,../data/phti_valid_prepared/train/PHTI-D3-M-0050-15.png,2025-12-25T15:53:20,Sana
PHTI-AW-F-0205-13,Wrong transcription,,0.5161290322580645,چرته په ګل باندې مې ښپې رانۀ شيچرته په ګل باندې مې ښپې رانۀ شي,چوته په ګل باندې مې ښپې رانه شي,../data/phti_valid_prepared/train/PHTI-AW-F-0205-13.png,2025-12-25T15:53:22,Sana
PHTI-PT-M-0042-18,Wrong transcription,,0.5161290322580645,مونږ تورن په دغه لويه غدارۍ يُومونږ تورن په دغه لويه غدارۍ يُو,مونږ تورن په دغه لويه غزارۍ يُو,../data/phti_valid_prepared/train/PHTI-PT-M-0042-18.png,2025-12-25T15:53:24,Sana
PHTI-PL-F-0035-18,Wrong transcription,,0.5161290322580645,زه  د ستا له غمه ژاړم واړه وينېزه  د ستا له غمه ژاړم واړه وينې,زه د ستا له غمه ژاړم واړه ويني,../data/phti_valid_prepared/train/PHTI-PL-F-0035-18.png,2025-12-25T15:53:25,Sana
PHTI-SP-M-0045-12,Wrong transcription,,0.515625,سلام دې وي سلام زما سلام پاکستانسلام دې وي سلام زما سلام پاکستان,سلام دے وي سلام زما سلام پاکستان,../data/phti_valid_prepared/train/PHTI-SP-M-0045-12.png,2025-12-25T15:53:34,Sana
PHTI-PG-M-0008-10,Wrong transcription,,0.515625,دا ځلې دې خدائے راوله،زما جانانهدا ځلې دې خدائے راوله،زما جانانه,دا ځلې دې خدائے راوله، زما نانه,../data/phti_valid_prepared/train/PHTI-PG-M-0008-10.png,2025-12-25T15:53:36,Sana
PHTI-AW-F-0092-5,Wrong transcription,,0.515625,په خپل ځان پسې مدام له ځانه ورکهپه خپل ځان پسې مدام له ځانه ورکه,په خپل ځان پې مدام له خانه ورکه,../data/phti_valid_prepared/train/PHTI-AW-F-0092-5.png,2025-12-25T15:53:38,Sana
PHTI-SI-F-0242-5,Wrong transcription,,0.515625,په کشر کهول کښې به څنګ نه خورېږيپه کشر کهول کښې به څنګ نه خورېږي,په شر کهول کښې په څنګ نه خورېږي,../data/phti_valid_prepared/train/PHTI-SI-F-0242-5.png,2025-12-25T15:54:02,Sana
PHTI-AW-F-0082-13,Wrong transcription,,0.5151515151515151,د ملتونو د رزقونو ملائيکې څۀ شوې؟د ملتونو د رزقونو ملائيکې څۀ شوې؟,د ملتونو د رزقونو ملائيکې څۀ شوې,../data/phti_valid_prepared/train/PHTI-AW-F-0082-13.png,2025-12-25T15:54:13,Sana
PHTI-PL-F-0008-16,Wrong transcription,,0.5151515151515151,اې رحمانه خداے دې مه کړه پېدا طمعاې رحمانه خداے دې مه کړه پېدا طمع,اې رحمانه خداے دې مه کړه پېداطمع,../data/phti_valid_prepared/train/PHTI-PL-F-0008-16.png,2025-12-25T15:54:15,Sana
PHTI-SI-F-0222-6,Wrong transcription,,0.5151515151515151,په بدله کښې مينه مينه ضروري غواړيپه بدله کښې مينه مينه ضروري غواړي,په بدله کښې مينه مينه ضرور غواړي,../data/phti_valid_prepared/train/PHTI-SI-F-0222-6.png,2025-12-25T15:54:17,Sana
PHTI-A1-F-0116-3,Wrong transcription,,0.5151515151515151,تا سپک زما خلوص زما نظر ته اوکاتۀتا سپک زما خلوص زما نظر ته اوکاتۀ,تا سيک زما خلوص زما نظر ته اوکاته,../data/phti_valid_prepared/train/PHTI-A1-F-0116-3.png,2025-12-25T15:54:19,Sana
PHTI-AZ-M-0022-10,Wrong transcription,,0.5151515151515151,اے د نړۍ امن پسندو تاسو ؤخورئ قسماے د نړۍ امن پسندو تاسو ؤخورئ قسم,اے د نړي امن پسندو تاسو اوخوري قسم,../data/phti_valid_prepared/train/PHTI-AZ-M-0022-10.png,2025-12-25T15:54:20,Sana
PHTI-AW-F-0205-2,Wrong transcription,,0.5147058823529411,که ځواني ترېنه هم لاړه شي نو ځي دېکه ځواني ترېنه هم لاړه شي نو ځي دې,که ځواني ترېنه هم لاړه شي نو ځې دي,../data/phti_valid_prepared/train/PHTI-AW-F-0205-2.png,2025-12-25T15:54:22,Sana
PHTI-RS-M-0096-19,Wrong transcription,,0.5147058823529411,خدايه دوي لا څنګه ژوي را په زړۀ شيخدايه دوي لا څنګه ژوي را په زړۀ شي,خدايه دوي لا څنګه ژوي راپه زړۀ شي,../data/phti_valid_prepared/train/PHTI-RS-M-0096-19.png,2025-12-25T15:54:24,Sana
PHTI-PT-M-0045-18,Wrong transcription,,0.5142857142857142,شعر وئيلے نۀ شي څوک د ولايت نه بغېرشعر وئيلے نۀ شي څوک د ولايت نه بغېر,شعر وئيلے نۀ شي څوک د ولايت نه يقير,../data/phti_valid_prepared/train/PHTI-PT-M-0045-18.png,2025-12-25T15:54:27,Sana
PHTI-AF-F-0025-12,Wrong transcription,,0.5142857142857142,چې وس يې نه رسي په مخ يې اوښکې ځينهچې وس يې نه رسي په مخ يې اوښکې ځينه,چې وس ئې نه رسې په مخ يې اوښکې ځينه,../data/phti_valid_prepared/train/PHTI-AF-F-0025-12.png,2025-12-25T15:54:28,Sana
PHTI-RS-M-0046-17,Wrong transcription,,0.5142857142857142,کله مذهب، کله غاصب کله جمهور ئې وهيکله مذهب، کله غاصب کله جمهور ئې وهي,لله مذهب کله غاصب کله جمهور ئې وهي,../data/phti_valid_prepared/train/PHTI-RS-M-0046-17.png,2025-12-25T15:54:35,Sana
PHTI-JT-F-0078-5,Wrong transcription,,0.5128205128205128,نكې ډلې به ورته په كږه سترګه قدرې هم نۀ,نکى دلې په روته په کږه سترګه په ېزه سترکه قدرې هم نۀ,../data/phti_valid_prepared/train/PHTI-JT-F-0078-5.png,2025-12-25T15:54:48,Sana
PHTI-KT-M-0245-10,Wrong transcription,,0.5119047619047619,دا يوه پښتنه اوښکه چې به اوس له بڼو پريو ئېدا يوه پښتنه اوښکه چې به اوس له بڼو پريوځ,دا يوه پښتنه اوښکه چې به اورس له بڼو پريوځي,../data/phti_valid_prepared/train/PHTI-KT-M-0245-10.png,2025-12-25T15:54:50,Sana
PHTI-KT-M-0216-2,Wrong transcription,,0.5106382978723404,اصناف زيات په مخه راغلل چې چاربېته پکښې سرفهرستاصناف زيات په مخه راغلل چې چاربېته پکښې سرفهرست,اصناف زيات په مخه راغلل چې چا ربېته پکښې سر فه ست,../data/phti_valid_prepared/train/PHTI-KT-M-0216-2.png,2025-12-25T15:54:51,Sana
PHTI-FT-M-0211-10,Wrong transcription,,0.51,د نظم مقابله کښې ډېره نۀ ده ولې بيا هم د  طائر صېبد نظم مقابله کښې ډېره نۀ ده ولې بيا هم د  طائر صېب,د نظم مقابله کښې ډېره نه ده ولې ـ بيا هم د طائر صېب,../data/phti_valid_prepared/train/PHTI-FT-M-0211-10.png,2025-12-25T15:54:53,Sana
PHTI-A1-F-0116-10,Wrong transcription,,0.5079365079365079,بيرته بيرته ګورمه او ځم پۀ لاررحمته کۀ چا ورځې د محشر ته اوکاته,رحمته که چاورځې د محشر ته اوکاته,../data/phti_valid_prepared/train/PHTI-A1-F-0116-10.png,2025-12-25T15:54:56,Sana
PHTI-FT-M-0060-9,Wrong transcription,,0.5053763440860215,شوې وه ـ هغوي به هم په طائر صېب ډېر مهربانه ؤشوې وه ـ هغوي به هم په طائر صېب ډېر مهربانه ؤ او,شوې وه ـ هغوي به هم په طائر چې ب ډېره مهر يانه و او,../data/phti_valid_prepared/train/PHTI-FT-M-0060-9.png,2025-12-25T15:54:58,Sana
PHTI-FT-M-0591-7,Wrong transcription,,0.504424778761062,د عنوان لاندې ترجمه کړو ـ او کپلنګ بالواسطه د پښتونخواد شاعر او په پښتو ډېر مئين وو ـ او پښتون اولس او د پښتونخوا,د شاعر او په پښتو ډېر مئين وو ـ  او پښتون اولس او د پښتو مخوا,../data/phti_valid_prepared/train/PHTI-FT-M-0591-7.png,2025-12-25T15:55:04,Sana
PHTI-PT-M-0032-1,Wrong transcription,,0.5,له پادريانو، راهبانوله پادريانو، راهبانو,له يادريانو، راهبانو,../data/phti_valid_prepared/train/PHTI-PT-M-0032-1.png,2025-12-25T15:55:12,Sana
PHTI-DM-F-0059-5,Wrong transcription,,0.5,د محمود په لوړ مقام د عظمتونود محمود په لوړ مقام د عظمتونو,د محمود په لوړ مقام د عظمتونو,../data/phti_valid_prepared/train/PHTI-DM-F-0059-5.png,2025-12-25T15:55:19,Sana
PHTI-DM-F-0046-10,Wrong transcription,,0.5,دا نورې همه لارې ورکې ورکې ناتمامهدا نورې همه لارې ورکې ورکې ناتمامه,دا نورې همه لارې ورکې ورکې ناتمامه,../data/phti_valid_prepared/train/PHTI-DM-F-0046-10.png,2025-12-25T15:55:21,Sana
PHTI-DM-F-0061-2,Wrong transcription,,0.5,لکه د پړق لکه د برېښ راځي د مخې سرهلکه د پړق لکه د برېښ راځي د مخې سره,لکه د پړق لکه د برېښ راځي د مخې سره,../data/phti_valid_prepared/train/PHTI-DM-F-0061-2.png,2025-12-25T15:55:22,Sana
PHTI-JT-F-0284-7,Wrong transcription,,0.5,پښتو اكېډمۍ والا د تدوين دپښتو اكېډمۍ والا د تدوين د,پښتو اكېډمۍ والا د تدوين د,../data/phti_valid_prepared/train/PHTI-JT-F-0284-7.png,2025-12-25T15:55:34,Sana
PHTI-HL-M-0017-12,Wrong transcription,,0.5,طرز، روش او هر ليکوال او هنرمند د خپل سبک په واسطه پېژندلطرز، روش او هر ليکوال او هنرمند د خپل سبک په واسطه پېژندل,طرز، روش او هر ليکوال او هنرمند د خپل سبک په واسطه پېژندل,../data/phti_valid_prepared/train/PHTI-HL-M-0017-12.png,2025-12-25T15:55:35,Sana
PHTI-RS-M-0099-20,Wrong transcription,,0.5,ما دا مقام هسې بيا موندے نۀ دےما دا مقام هسې بيا موندے نۀ دے,ما دا مقام هسې بيا موندې نۀ دے,../data/phti_valid_prepared/train/PHTI-RS-M-0099-20.png,2025-12-25T15:55:38,Sana
PHTI-PL-F-0033-15,Wrong transcription,,0.5,قادر يو دے بې شريکهقادر يو دے بې شريکه,قادر يو دے بې شريکه,../data/phti_valid_prepared/train/PHTI-PL-F-0033-15.png,2025-12-25T15:55:46,Sana
PHTI-AW-F-0109-12,Wrong transcription,,0.5,مخ راڅرګند کړه د پردې نه ووځهمخ راڅرګند کړه د پردې نه ووځه,مخ راڅرګند کړه د پردې نه وو څۀ,../data/phti_valid_prepared/train/PHTI-AW-F-0109-12.png,2025-12-25T15:55:48,Sana
PHTI-PT-M-0013-6,Wrong transcription,,0.5,دنـــیـــا دیار لـــــه ســــره زار کــه,دنيا د يار له سره زار که,../data/phti_valid_prepared/train/PHTI-PT-M-0013-6.png,2025-12-25T15:55:56,Sana
PHTI-AF-F-0028-10,Wrong transcription,,0.5,خوله به په زوره درنه واخلمخوله به په زوره درنه واخلم,خوله به په زوره درنه واخلم,../data/phti_valid_prepared/train/PHTI-AF-F-0028-10.png,2025-12-25T15:56:08,Sana
PHTI-PT-M-0003-12,Wrong transcription,,0.5,ار د صفت محتاجه نه دےار د صفت محتاجه نه دے,ار د صفت محتاجه نه دے,../data/phti_valid_prepared/train/PHTI-PT-M-0003-12.png,2025-12-25T15:57:17,Sana
PHTI-SI-F-0032-11,Wrong transcription,,0.5,نۀ ئې ډېر بدينۀ ئې ډېر بدي,نۀ ئې ډېر بدي,../data/phti_valid_prepared/train/PHTI-SI-F-0032-11.png,2025-12-25T15:57:18,Sana
PHTI-AW-F-0205-8,Wrong transcription,,0.5,بې سينګاره ئې ښائست لمبه لمبه دےبې سينګاره ئې ښائست لمبه لمبه دے,بې سينګاره ئې ښائست لمبه لمبه دے,../data/phti_valid_prepared/train/PHTI-AW-F-0205-8.png,2025-12-25T15:57:21,Sana
PHTI-AZ-M-0053-19,Wrong transcription,,0.5,تا په کوم جرم افغان دے قتل کړےتا په کوم جرم افغان دے قتل کړے,تا په کوم جرم افغان دے قتل کړے,../data/phti_valid_prepared/train/PHTI-AZ-M-0053-19.png,2025-12-25T15:57:23,Sana
PHTI-JT-F-0861-2,Wrong transcription,,0.5,او د خوب يوه جوټه دهاو د خوب يوه جوټه ده,او د خوب يوه جوټه ده,../data/phti_valid_prepared/train/PHTI-JT-F-0861-2.png,2025-12-25T15:57:24,Sana
PHTI-RS-M-0100-19,Wrong transcription,,0.5,څومره پرامنه به سړی شي سړوڅومره پرامنه به سړی شي سړو,څومره پرامنه به منړي شي سړو,../data/phti_valid_prepared/train/PHTI-RS-M-0100-19.png,2025-12-25T15:57:25,Sana
PHTI-SP-M-0068-20,Wrong transcription,,0.5,ځکه دې هر وګړے ښاد دےځکه دې هر وګړے ښاد دے,ځکه دې هر وګړے ښار دے,../data/phti_valid_prepared/train/PHTI-SP-M-0068-20.png,2025-12-25T15:57:28,Sana
PHTI-DM-F-0085-15,Wrong transcription,,0.5,مدينې لاړمه ودانه اوسېمدينې لاړمه ودانه اوسې,مدينې لاړمه ودانه اوسي,../data/phti_valid_prepared/train/PHTI-DM-F-0085-15.png,2025-12-25T15:57:30,Sana
PHTI-DM-F-0068-7,Wrong transcription,,0.5,محمد زيلې ويستلي د نفرت ديمحمد زيلې ويستلي د نفرت دي,محمد زيلي ويستلي د نفرت دي,../data/phti_valid_prepared/train/PHTI-DM-F-0068-7.png,2025-12-25T15:57:33,Sana
PHTI-DM-F-0061-3,Wrong transcription,,0.5,خوب د لېمو ئې تښتولے دے زما نه بېخيخوب د لېمو ئې تښتولے دے زما نه بېخي,خوب د لېمو ئې تښتولے دے زما نه بېخي,../data/phti_valid_prepared/train/PHTI-DM-F-0061-3.png,2025-12-25T15:57:34,Sana
PHTI-SI-F-0043-8,Wrong transcription,,0.5,لکه سوات رانه جوړ شوے دےلکه سوات رانه جوړ شوے دے,لکه سوات رانه جوړ شوے دے,../data/phti_valid_prepared/train/PHTI-SI-F-0043-8.png,2025-12-25T15:57:36,Sana
PHTI-FT-M-0464-3,Wrong transcription,,0.5,د نظر په آئينه کښېد نظر په آئينه کښې,د نظر په آئينه کښې,../data/phti_valid_prepared/train/PHTI-FT-M-0464-3.png,2025-12-25T15:57:38,Sana
PHTI-SI-F-0031-8,Wrong transcription,,0.5,په پښتو کښې ستا غرور دے اوپه پښتو کښې ستا غرور دے او,په پښتنو کښې ستا غرور دے او,../data/phti_valid_prepared/train/PHTI-SI-F-0031-8.png,2025-12-25T15:57:48,Sana
PHTI-PT-M-0021-12,Wrong transcription,,0.5,پام کوه ځان درنه ورک نه شيپام کوه ځان درنه ورک نه شي,پام کوه ځان درنه ورک نه شي,../data/phti_valid_prepared/train/PHTI-PT-M-0021-12.png,2025-12-25T15:57:54,Sana
PHTI-AW-F-0153-15,Wrong transcription,,0.5,اباسينه په رڼا کښې دې تن سوزياباسينه په رڼا کښې دې تن سوزي,اباسينه په رڼا کښې دې تن سوزي,../data/phti_valid_prepared/train/PHTI-AW-F-0153-15.png,2025-12-25T15:57:55,Sana
PHTI-RS-M-0086-17,Wrong transcription,,0.5,ما روابط ورسره پرېښي پخواما روابط ورسره پرېښي پخوا,مه روابط ورسره پرېښي پخوا,../data/phti_valid_prepared/train/PHTI-RS-M-0086-17.png,2025-12-25T15:58:02,Sana
PHTI-RS-M-0047-21,Wrong transcription,,0.5,دريابه ما چې ورته کله ورکتلي دې همدريابه ما چې ورته کله ورکتلي دې هم,دريابه ما چې ورته کله ورکتلي دي هم,../data/phti_valid_prepared/train/PHTI-RS-M-0047-21.png,2025-12-25T15:58:03,Sana
PHTI-D5-F-0012-14,Wrong transcription,,0.5,په هغه قتل روا دےپه هغه قتل روا دے,په هغه قتل روا دے,../data/phti_valid_prepared/train/PHTI-D5-F-0012-14.png,2025-12-25T15:58:10,Sana
PHTI-FT-M-0471-4,Wrong transcription,,0.5,چې ئې د رزق انتظام څه ويچې ئې د رزق انتظام څه وي,چې ئې د رزق انتظام څه وي,../data/phti_valid_prepared/train/PHTI-FT-M-0471-4.png,2025-12-25T15:58:11,Sana
PHTI-JB-F-0120-9,Wrong transcription,,0.5,بينا کړه تۀبينا کړه تۀ,بينا کړه ته,../data/phti_valid_prepared/train/PHTI-JB-F-0120-9.png,2025-12-25T15:58:17,Sana
PHTI-KT-M-0196-14,Wrong transcription,,0.5,رغول ورته ګران کار ښکاريرغول ورته ګران کار ښکاري,رغول ورته ګران کار ښکاري,../data/phti_valid_prepared/train/PHTI-KT-M-0196-14.png,2025-12-25T15:58:20,Sana
PHTI-AW-F-0205-6,Wrong transcription,,0.5,په ځوانۍ کښې ئې جمال داسې غورځي کړيپه ځوانۍ کښې ئې جمال داسې غورځي کړي,په ځوانۍ کښې ئې جمال داسې غور چې کړي,../data/phti_valid_prepared/train/PHTI-AW-F-0205-6.png,2025-12-25T15:58:21,Sana
PHTI-A1-F-0062-1,Wrong transcription,,0.5,پاک له عيبه له نشانهپاک له عيبه له نشانه,پاک له عيبه له نشانه,../data/phti_valid_prepared/train/PHTI-A1-F-0062-1.png,2025-12-25T15:58:41,Sana
PHTI-SI-F-0176-10,Wrong transcription,,0.5,خو د خپلې خاؤرې غېره رايادېږيخو د خپلې خاؤرې غېره رايادېږي,خو د خپلې خاورې غېره رايادېږي,../data/phti_valid_prepared/train/PHTI-SI-F-0176-10.png,2025-12-25T15:58:45,Sana
PHTI-FT-M-0224-12,Wrong transcription,,0.5,مطالعه کښې راوستل ـ طائر صېب د خپلې مطالعېمطالعه کښې راوستل ـ طائر صېب د خپلې مطالعې,مطالعه کښې راوستل ـ طائر صېب د خپلې مطالعې,../data/phti_valid_prepared/train/PHTI-FT-M-0224-12.png,2025-12-25T15:58:48,Sana
PHTI-D5-F-0001-18,Wrong transcription,,0.5,او زوړ فرق راڅرګند شو.او زوړ فرق راڅرګند شو.,او زوړ فرق راڅرګند شو.,../data/phti_valid_prepared/train/PHTI-D5-F-0001-18.png,2025-12-25T15:58:49,Sana
PHTI-DM-F-0074-10,Wrong transcription,,0.5,په باطن کښې د اورونو سره راغلمپه باطن کښې د اورونو سره راغلم,په باطن کښې د اورونو سره راغلم,../data/phti_valid_prepared/train/PHTI-DM-F-0074-10.png,2025-12-25T15:58:55,Sana
PHTI-AW-F-0150-14,Wrong transcription,,0.5,وينهوينه,وينه,../data/phti_valid_prepared/train/PHTI-AW-F-0150-14.png,2025-12-25T15:59:03,Sana
PHTI-AW-F-0205-9,Wrong transcription,,0.5,د خپل ځان راسره غم شي داسې دےد خپل ځان راسره غم شي داسې دے,د خپل ځان راسره غم شي داسې دے,../data/phti_valid_prepared/train/PHTI-AW-F-0205-9.png,2025-12-25T15:59:08,Sana
PHTI-SP-M-0091-22,Wrong transcription,,0.5,فخر دې زه په هر سنګر کوومهفخر دې زه په هر سنګر کوومه,فخر دې زه په هر سنګر کوومه,../data/phti_valid_prepared/train/PHTI-SP-M-0091-22.png,2025-12-25T15:59:10,Sana
PHTI-SI-F-0021-7,Wrong transcription,,0.5,بس په تڼاکو د تلو کښې مې ازغي وکرلبس په تڼاکو د تلو کښې مې ازغي وکرل,بس په تڼاکو د تلو کښې مې ازغي وکرل,../data/phti_valid_prepared/train/PHTI-SI-F-0021-7.png,2025-12-25T15:59:11,Sana
PHTI-D5-F-0082-11,Wrong transcription,,0.5,يوسف که هر څو څه ښه نومېږييوسف که هر څو څه ښه نومېږي,يوسف که هر څو څه ښه نومېږي,../data/phti_valid_prepared/train/PHTI-D5-F-0082-11.png,2025-12-25T15:59:18,Sana
PHTI-AW-F-0205-7,Wrong transcription,,0.5,لکه مست درياب چې تم شي داسې دےلکه مست درياب چې تم شي داسې دے,کله مست درياب چې تم شي داسې دے,../data/phti_valid_prepared/train/PHTI-AW-F-0205-7.png,2025-12-25T15:59:19,Sana
PHTI-DM-F-0061-1,Wrong transcription,,0.5,زما په سترګو کښې غړيږي د حرم يادونهزما په سترګو کښې غړيږي د حرم يادونه,زما په سترګو کښې غړيږي د حرم يادونه,../data/phti_valid_prepared/train/PHTI-DM-F-0061-1.png,2025-12-25T15:59:21,Sana
PHTI-JT-F-0242-16,Wrong transcription,,0.5,واقعه نګاری چې په خپله لمنهواقعه نګاری چې په خپله لمنه,واقعه نګاری چې په خپله لعنه,../data/phti_valid_prepared/train/PHTI-JT-F-0242-16.png,2025-12-25T15:59:33,Sana
PHTI-DM-F-0016-14,Wrong transcription,,0.5,د غريوژنو ارمانونو اوښکې څاڅيد غريوژنو ارمانونو اوښکې څاڅي,د غريوژنو ارمانونو اوښکې څاڅي,../data/phti_valid_prepared/train/PHTI-DM-F-0016-14.png,2025-12-25T15:59:45,Sana
PHTI-FT-M-0010-16,Wrong transcription,,0.5,خانانو سره هم راجوړ شول او ددې کلي نوي کولخانانو سره هم راجوړ شول او ددې کلي نوي کول,خانانو سره هم راجوړ شول او ددې کلي نوې کول,../data/phti_valid_prepared/train/PHTI-FT-M-0010-16.png,2025-12-25T15:59:46,Sana
PHTI-ST-M-0205-3,Wrong transcription,,0.5,چې چرته معلوم نشي دَ کفارو نوم نشانچې چرته معلوم نشي دَ کفارو نوم نشان,چې چرته معلوم نشي دَ کفارو نوم نشان,../data/phti_valid_prepared/train/PHTI-ST-M-0205-3.png,2025-12-25T16:00:00,Sana
PHTI-AW-F-0205-3,Wrong transcription,,0.5,په والله که ترې څۀ کم شي داسې دےپه والله که ترې څۀ کم شي داسې دے,په والله که ترې څۀ کم شي داسې دے,../data/phti_valid_prepared/train/PHTI-AW-F-0205-3.png,2025-12-25T16:00:01,Sana
PHTI-A1-F-0116-9,Wrong transcription,,0.4925373134328358,تګ ته مې د چا يادونه نۀ پريږديچې فن مې د تخليق نه د جدت تقاضه اوکړه,چې ضن مې تخليق نه د جدت تقاضه اوکړه,../data/phti_valid_prepared/train/PHTI-A1-F-0116-9.png,2025-12-25T16:00:04,Sana
PHTI-AF-F-0056-14,Wrong transcription,,0.4909090909090909,ه ګودر سور سالو ښكاره شو ماوېل په تورو اوبو اور ولګېدنه,ما وېل په تورو اوبو اور ولګیدنه:,../data/phti_valid_prepared/train/PHTI-AF-F-0056-14.png,2025-12-25T16:00:06,Sana
PHTI-FT-M-0352-7,Wrong transcription,,0.4895833333333333,مناجات د هر مسلمان شاعر په کلام کښې بيا موندے شيمناجات د هر مسلمان شاعر په کلام کښې بيا موندے شي,مناجات د هر مسلمان شاعر په کلام کښې بيا موندلے شي,../data/phti_valid_prepared/train/PHTI-FT-M-0352-7.png,2025-12-25T16:00:08,Sana
PHTI-SP-M-0067-7,Wrong transcription,,0.4857142857142857,د محمد(ص) د وړاندېځونو  ترجمان وطنه,د محم ل ال ل و و م د وړانه ځو نو ترجمان وطنه,../data/phti_valid_prepared/train/PHTI-SP-M-0067-7.png,2025-12-25T16:00:18,Sana
PHTI-SI-F-0103-11,Wrong transcription,,0.4852941176470588,بس په ما خو ددې پورته اسمان نمر دےبس په ما خو ددې پورته اسمان نمر دے,بس په ما خو ددې پورته اسمان نمر دبه,../data/phti_valid_prepared/train/PHTI-SI-F-0103-11.png,2025-12-25T16:00:23,Sana
PHTI-SP-M-0049-19,Wrong transcription,,0.484375,کاڼي دي لعلونه په رښتيا د دې وطنکاڼي دي لعلونه په رښتيا د دې وطن,کاڼي دي لعلو نه په رښتيا د دې وطن,../data/phti_valid_prepared/train/PHTI-SP-M-0049-19.png,2025-12-25T16:00:25,Sana
PHTI-SI-F-0234-8,Wrong transcription,,0.4827586206896552,ځان په دې فلسفه پوهه کړه پارهځان په دې فلسفه پوهه کړه پاره,ځان په دې فلسفه پوههه کړه پاره,../data/phti_valid_prepared/train/PHTI-SI-F-0234-8.png,2025-12-25T16:00:26,Sana
PHTI-SI-F-0175-9,Wrong transcription,,0.4827586206896552,د اسمان سره څه اوکړمه دريابهؔد اسمان سره څه اوکړمه دريابهؔ,د اسمان سره څه اوکړه دريابهؔ د,../data/phti_valid_prepared/train/PHTI-SI-F-0175-9.png,2025-12-25T16:00:28,Sana
PHTI-SI-F-0170-10,Wrong transcription,,0.4814814814814814,د ارمانونو په کنډر باندې دېد ارمانونو په کنډر باندې دې,د ارمانونو په کنډر باندې دي ا,../data/phti_valid_prepared/train/PHTI-SI-F-0170-10.png,2025-12-25T16:00:30,Sana
PHTI-SP-M-0043-17,Wrong transcription,,0.4807692307692308,چې بله لار بې د قرآن غواړيچې بله لار بې د قرآن غواړي,چې بله لار بې د قراآن غواړي,../data/phti_valid_prepared/train/PHTI-SP-M-0043-17.png,2025-12-25T16:00:33,Sana
PHTI-SI-F-0270-10,Wrong transcription,,0.4807692307692308,دا مونږ چا په بدو سترګو يودا مونږ چا په بدو سترګو يو,دا مونږه چا په بدو سترګو يو,../data/phti_valid_prepared/train/PHTI-SI-F-0270-10.png,2025-12-25T16:00:57,Sana
PHTI-FT-M-0420-12,Wrong transcription,,0.48,ځکه چې دا د طائرصېب منظومځکه چې دا د طائرصېب منظوم,ځکه چې دا د طائر صېب منظوم,../data/phti_valid_prepared/train/PHTI-FT-M-0420-12.png,2025-12-25T16:00:59,Sana
PHTI-JT-F-0077-4,Wrong transcription,,0.4794520547945205,شوې ده، يا روانه ده كېږی. كۀ د هغې د زړي لټون راواخلې نو سر به يې د يونان,شوې ده يا دوانه ده كيږي کۀ نوسر به يې ديونان د,../data/phti_valid_prepared/train/PHTI-JT-F-0077-4.png,2025-12-25T16:01:01,Sana
PHTI-MP-F-0016-17,Wrong transcription,,0.4791666666666667,زۀ يم هغې سړي ورته ووئيل چې ستا متعلق د تفتيش نه,زه يم هغې سړي متعلق لفتش نه,../data/phti_valid_prepared/train/PHTI-MP-F-0016-17.png,2025-12-25T16:01:03,Sana
PHTI-SI-F-0120-8,Wrong transcription,,0.4772727272727273,د محبت د انتها په لارهد محبت د انتها په لاره,د محبت د انتها په اداره,../data/phti_valid_prepared/train/PHTI-SI-F-0120-8.png,2025-12-25T16:01:13,Sana
PHTI-PT-M-0035-6,Wrong transcription,,0.4736842105263157,څوک چې بچي د پښتنـــــــــــــــو ژړوي,څوک چه بچې د پښتنو ژړ وي,../data/phti_valid_prepared/train/PHTI-PT-M-0035-6.png,2025-12-25T16:01:15,Sana
PHTI-FT-M-0136-9,Wrong transcription,,0.4729729729729729,ديباچې سره د اکېډمۍ له خوا په جدونديباچې سره د اکېډمۍ له خوا په جدون  پريس,ديبا چې سره د اکېډمۍ له خوا په جدون پرليس,../data/phti_valid_prepared/train/PHTI-FT-M-0136-9.png,2025-12-25T16:01:17,Sana
PHTI-SP-M-0076-22,Wrong transcription,,0.4642857142857143,يا مې زمرے ټېپو سلطان اوګوره,د دې وطن نور لان اوګوره,../data/phti_valid_prepared/train/PHTI-SP-M-0076-22.png,2025-12-25T16:01:50,Sana
PHTI-FT-M-0428-6,Wrong transcription,,0.4318181818181818,هم ده ــ تاريخ هم دے ـ سفرنامه هم ده ــ ادبي,هم ده ادبي جائره او تبره هم سفرنامه هم ده. ادبي,../data/phti_valid_prepared/train/PHTI-FT-M-0428-6.png,2025-12-25T16:03:19,Sana
